variable,category,dev_cnt,dev_pct,vali_cnt,vali_pct,CSI,Product,Date
C_FICOWOE,-0.62291971,"907,800",19,"94,261",19,0.0001,Consumer1,201604
C_FICOWOE,-0.62291971,"907,800",19,"94,261",19,0.0001,Consumer1,201604
C_FICOWOE,-0.62291971,"907,800",19,"94,261",19,0.0001,Consumer1,201604
C_FICOWOE,-0.62291971,"907,800",19,"94,261",19,0.0001,Consumer1,201604
DIF_LAST_DUE_VS_PYMTWOE,-0.62291971,"907,800",19,"94,261",19,0.0001,Consumer1,201604
DIF_LAST_DUE_VS_PYMTWOE,-0.62291971,"907,800",19,"94,261",19,0.0001,Consumer1,201604
DIF_LAST_DUE_VS_PYMTWOE,-0.62291971,"907,800",19,"94,261",19,0.0001,Consumer1,201604
DIF_LAST_DUE_VS_PYMTWOE,-0.62291971,"907,800",19,"94,261",19,0.0001,Consumer1,201604
UTILIZATIONWOE,-0.62291971,"907,800",19,"94,261",19,0.0001,Consumer1,201604
UTILIZATIONWOE,-0.62291971,"907,800",19,"94,261",19,0.0001,Consumer1,201604
UTILIZATIONWOE,-0.62291971,"907,800",19,"94,261",19,0.0001,Consumer1,201604
UTILIZATIONWOE,-0.62291971,"907,800",19,"94,261",19,0.0001,Consumer1,201604
rev7110_1WOE,-0.62291971,"907,800",19,"94,261",19,0.0001,Consumer1,201604
rev7110_1WOE,-0.62291971,"907,800",19,"94,261",19,0.0001,Consumer1,201604
rev7110_1WOE,-0.62291971,"907,800",19,"94,261",19,0.0001,Consumer1,201604
rev7110_1WOE,-0.62291971,"907,800",19,"94,261",19,0.0001,Consumer1,201604
CARRYING_VALUEWOE,-0.62291971,"907,800",19,"94,261",19,0.0001,Consumer2,201604
CARRYING_VALUEWOE,-0.62291971,"907,800",19,"94,261",19,0.0001,Consumer2,201604
CARRYING_VALUEWOE,-0.62291971,"907,800",19,"94,261",19,0.0001,Consumer2,201604
C_FICOWOE,-0.62291971,"907,800",19,"94,261",19,0.0001,Consumer2,201604
C_FICOWOE,-0.62291971,"907,800",19,"94,261",19,0.0001,Consumer2,201604
C_FICOWOE,-0.62291971,"907,800",19,"94,261",19,0.0001,Consumer2,201604
C_FICOWOE,-0.62291971,"907,800",19,"94,261",19,0.0001,Consumer2,201604
C_FICOWOE,-0.62291971,"907,800",19,"94,261",19,0.0001,Consumer2,201604
C_FICOWOE,-0.62291971,"907,800",19,"94,261",19,0.0001,Consumer2,201604
C_FICOWOE,-0.62291971,"907,800",19,"94,261",19,0.0001,Consumer2,201604
C_FICOWOE,-0.62291971,"907,800",19,"94,261",19,0.0001,Consumer2,201604
DIF_LAST_DUE_VS_PYMTWOE,-0.62291971,"907,800",19,"94,261",19,0.0001,Consumer2,201604
DIF_LAST_DUE_VS_PYMTWOE,-0.62291971,"907,800",19,"94,261",19,0.0001,Consumer2,201604
DIF_LAST_DUE_VS_PYMTWOE,-0.62291971,"907,800",19,"94,261",19,0.0001,Consumer2,201604
DIF_LAST_DUE_VS_PYMTWOE,-0.62291971,"907,800",19,"94,261",19,0.0001,Consumer2,201604
PMTDUEWOE,-0.62291971,"907,800",19,"94,261",19,0.0001,Consumer2,201604
PMTDUEWOE,-0.62291971,"907,800",19,"94,261",19,0.0001,Consumer2,201604
PMTDUEWOE,-0.62291971,"907,800",19,"94,261",19,0.0001,Consumer2,201604
rev7110_1WOE,-0.62291971,"907,800",19,"94,261",19,0.0001,Consumer2,201604
rev7110_1WOE,-0.62291971,"907,800",19,"94,261",19,0.0001,Consumer2,201604
rev7110_1WOE,-0.62291971,"907,800",19,"94,261",19,0.0001,Consumer2,201604
rev7110_1WOE,-0.62291971,"907,800",19,"94,261",19,0.0001,Consumer2,201604
C_FICOWOE,-0.62291971,"907,800",19,"94,261",19,0.0001,Consumer6,201606
C_FICOWOE,-0.62291971,"907,800",19,"94,261",19,0.0001,Consumer6,201606
C_FICOWOE,-0.62291971,"907,800",19,"94,261",19,0.0001,Consumer6,201606
C_FICOWOE,-0.62291971,"907,800",19,"94,261",19,0.0001,Consumer6,201606
DIF_LAST_DUE_VS_PYMTWOE,-0.62291971,"907,800",19,"94,261",19,0.0001,Consumer6,201606
DIF_LAST_DUE_VS_PYMTWOE,-0.62291971,"907,800",19,"94,261",19,0.0001,Consumer6,201606
DIF_LAST_DUE_VS_PYMTWOE,-0.62291971,"907,800",19,"94,261",19,0.0001,Consumer6,201606
DIF_LAST_DUE_VS_PYMTWOE,-0.62291971,"907,800",19,"94,261",19,0.0001,Consumer6,201606
DIF_LAST_DUE_VS_PYMTWOE,-0.62291971,"907,800",19,"94,261",19,0.0001,Consumer6,201606
DIF_LAST_DUE_VS_PYMTWOE,-0.62291971,"907,800",19,"94,261",19,0.0001,Consumer6,201606
DPDWOE,-0.62291971,"907,800",19,"94,261",19,0.0001,Consumer6,201606
DPDWOE,-0.62291971,"907,800",19,"94,261",19,0.0001,Consumer6,201606
DPDWOE,-0.62291971,"907,800",19,"94,261",19,0.0001,Consumer6,201606
DPDWOE,-0.62291971,"907,800",19,"94,261",19,0.0001,Consumer6,201606
MNTHS_SINCE_PYMTWOE,-0.62291971,"907,800",19,"94,261",19,0.0001,Consumer6,201606
MNTHS_SINCE_PYMTWOE,-0.62291971,"907,800",19,"94,261",19,0.0001,Consumer6,201606
MNTHS_SINCE_PYMTWOE,-0.62291971,"907,800",19,"94,261",19,0.0001,Consumer6,201606
MNTHS_SINCE_PYMTWOE,-0.62291971,"907,800",19,"94,261",19,0.0001,Consumer6,201606
MNTHS_SINCE_PYMTWOE,-0.62291971,"907,800",19,"94,261",19,0.0001,Consumer6,201606
MNTHS_SINCE_PYMTWOE,-0.62291971,"907,800",19,"94,261",19,0.0001,Consumer6,201606
C_FICOWOE,-0.62291971,"907,800",19,"94,261",19,0.0001,Consumer1,201605
C_FICOWOE,-0.62291971,"907,800",19,"94,261",19,0.0001,Consumer1,201605
C_FICOWOE,-0.62291971,"907,800",19,"94,261",19,0.0001,Consumer1,201605
C_FICOWOE,-0.62291971,"907,800",19,"94,261",19,0.0001,Consumer1,201605
DIF_LAST_DUE_VS_PYMTWOE,-0.62291971,"907,800",19,"94,261",19,0.0001,Consumer1,201605
DIF_LAST_DUE_VS_PYMTWOE,-0.62291971,"907,800",19,"94,261",19,0.0001,Consumer1,201605
DIF_LAST_DUE_VS_PYMTWOE,-0.62291971,"907,800",19,"94,261",19,0.0001,Consumer1,201605
DIF_LAST_DUE_VS_PYMTWOE,-0.62291971,"907,800",19,"94,261",19,0.0001,Consumer1,201605
UTILIZATIONWOE,-0.62291971,"907,800",19,"94,261",19,0.0001,Consumer1,201605
UTILIZATIONWOE,-0.62291971,"907,800",19,"94,261",19,0.0001,Consumer1,201605
UTILIZATIONWOE,-0.62291971,"907,800",19,"94,261",19,0.0001,Consumer1,201605
UTILIZATIONWOE,-0.62291971,"907,800",19,"94,261",19,0.0001,Consumer1,201605
rev7110_1WOE,-0.62291971,"907,800",19,"94,261",19,0.0001,Consumer1,201605
rev7110_1WOE,-0.62291971,"907,800",19,"94,261",19,0.0001,Consumer1,201605
rev7110_1WOE,-0.62291971,"907,800",19,"94,261",19,0.0001,Consumer1,201605
rev7110_1WOE,-0.62291971,"907,800",19,"94,261",19,0.0001,Consumer1,201605
C_FICOWOE,-0.62291971,"907,800",19,"94,261",19,0.0001,Consumer1,201606
C_FICOWOE,-0.62291971,"907,800",19,"94,261",19,0.0001,Consumer1,201606
C_FICOWOE,-0.62291971,"907,800",19,"94,261",19,0.0001,Consumer1,201606
C_FICOWOE,-0.62291971,"907,800",19,"94,261",19,0.0001,Consumer1,201606
DIF_LAST_DUE_VS_PYMTWOE,-0.62291971,"907,800",19,"94,261",19,0.0001,Consumer1,201606
DIF_LAST_DUE_VS_PYMTWOE,-0.62291971,"907,800",19,"94,261",19,0.0001,Consumer1,201606
DIF_LAST_DUE_VS_PYMTWOE,-0.62291971,"907,800",19,"94,261",19,0.0001,Consumer1,201606
DIF_LAST_DUE_VS_PYMTWOE,-0.62291971,"907,800",19,"94,261",19,0.0001,Consumer1,201606
UTILIZATIONWOE,-0.62291971,"907,800",19,"94,261",19,0.0001,Consumer1,201606
UTILIZATIONWOE,-0.62291971,"907,800",19,"94,261",19,0.0001,Consumer1,201606
UTILIZATIONWOE,-0.62291971,"907,800",19,"94,261",19,0.0001,Consumer1,201606
UTILIZATIONWOE,-0.62291971,"907,800",19,"94,261",19,0.0001,Consumer1,201606
rev7110_1WOE,-0.62291971,"907,800",19,"94,261",19,0.0001,Consumer1,201606
rev7110_1WOE,-0.62291971,"907,800",19,"94,261",19,0.0001,Consumer1,201606
rev7110_1WOE,-0.62291971,"907,800",19,"94,261",19,0.0001,Consumer1,201606
rev7110_1WOE,-0.62291971,"907,800",19,"94,261",19,0.0001,Consumer1,201606
CARRYING_VALUEWOE,-0.62291971,"907,800",19,"94,261",19,0.0001,Consumer2,201605
CARRYING_VALUEWOE,-0.62291971,"907,800",19,"94,261",19,0.0001,Consumer2,201605
CARRYING_VALUEWOE,-0.62291971,"907,800",19,"94,261",19,0.0001,Consumer2,201605
C_FICOWOE,-0.62291971,"907,800",19,"94,261",19,0.0001,Consumer2,201605
C_FICOWOE,-0.62291971,"907,800",19,"94,261",19,0.0001,Consumer2,201605
C_FICOWOE,-0.62291971,"907,800",19,"94,261",19,0.0001,Consumer2,201605
C_FICOWOE,-0.62291971,"907,800",19,"94,261",19,0.0001,Consumer2,201605
C_FICOWOE,-0.62291971,"907,800",19,"94,261",19,0.0001,Consumer2,201605
C_FICOWOE,-0.62291971,"907,800",19,"94,261",19,0.0001,Consumer2,201605
C_FICOWOE,-0.62291971,"907,800",19,"94,261",19,0.0001,Consumer2,201605
C_FICOWOE,-0.62291971,"907,800",19,"94,261",19,0.0001,Consumer2,201605
DIF_LAST_DUE_VS_PYMTWOE,-0.62291971,"907,800",19,"94,261",19,0.0001,Consumer2,201605
DIF_LAST_DUE_VS_PYMTWOE,-0.62291971,"907,800",19,"94,261",19,0.0001,Consumer2,201605
DIF_LAST_DUE_VS_PYMTWOE,-0.62291971,"907,800",19,"94,261",19,0.0001,Consumer2,201605
DIF_LAST_DUE_VS_PYMTWOE,-0.62291971,"907,800",19,"94,261",19,0.0001,Consumer2,201605
PMTDUEWOE,-0.62291971,"907,800",19,"94,261",19,0.0001,Consumer2,201605
PMTDUEWOE,-0.62291971,"907,800",19,"94,261",19,0.0001,Consumer2,201605
PMTDUEWOE,-0.62291971,"907,800",19,"94,261",19,0.0001,Consumer2,201605
rev7110_1WOE,-0.62291971,"907,800",19,"94,261",19,0.0001,Consumer2,201605
rev7110_1WOE,-0.62291971,"907,800",19,"94,261",19,0.0001,Consumer2,201605
rev7110_1WOE,-0.62291971,"907,800",19,"94,261",19,0.0001,Consumer2,201605
rev7110_1WOE,-0.62291971,"907,800",19,"94,261",19,0.0001,Consumer2,201605
CARRYING_VALUEWOE,-0.62291971,"907,800",19,"94,261",19,0.0001,Consumer2,201606
CARRYING_VALUEWOE,-0.62291971,"907,800",19,"94,261",19,0.0001,Consumer2,201606
CARRYING_VALUEWOE,-0.62291971,"907,800",19,"94,261",19,0.0001,Consumer2,201606
C_FICOWOE,-0.62291971,"907,800",19,"94,261",19,0.0001,Consumer2,201606
C_FICOWOE,-0.62291971,"907,800",19,"94,261",19,0.0001,Consumer2,201606
C_FICOWOE,-0.62291971,"907,800",19,"94,261",19,0.0001,Consumer2,201606
C_FICOWOE,-0.62291971,"907,800",19,"94,261",19,0.0001,Consumer2,201606
C_FICOWOE,-0.62291971,"907,800",19,"94,261",19,0.0001,Consumer2,201606
C_FICOWOE,-0.62291971,"907,800",19,"94,261",19,0.0001,Consumer2,201606
C_FICOWOE,-0.62291971,"907,800",19,"94,261",19,0.0001,Consumer2,201606
C_FICOWOE,-0.62291971,"907,800",19,"94,261",19,0.0001,Consumer2,201606
DIF_LAST_DUE_VS_PYMTWOE,-0.62291971,"907,800",19,"94,261",19,0.0001,Consumer2,201606
DIF_LAST_DUE_VS_PYMTWOE,-0.62291971,"907,800",19,"94,261",19,0.0001,Consumer2,201606
DIF_LAST_DUE_VS_PYMTWOE,-0.62291971,"907,800",19,"94,261",19,0.0001,Consumer2,201606
DIF_LAST_DUE_VS_PYMTWOE,-0.62291971,"907,800",19,"94,261",19,0.0001,Consumer2,201606
PMTDUEWOE,-0.62291971,"907,800",19,"94,261",19,0.0001,Consumer2,201606
PMTDUEWOE,-0.62291971,"907,800",19,"94,261",19,0.0001,Consumer2,201606
PMTDUEWOE,-0.62291971,"907,800",19,"94,261",19,0.0001,Consumer2,201606
rev7110_1WOE,-0.62291971,"907,800",19,"94,261",19,0.0001,Consumer2,201606
rev7110_1WOE,-0.62291971,"907,800",19,"94,261",19,0.0001,Consumer2,201606
rev7110_1WOE,-0.62291971,"907,800",19,"94,261",19,0.0001,Consumer2,201606
rev7110_1WOE,-0.62291971,"907,800",19,"94,261",19,0.0001,Consumer2,201606
AVG_PYMT_3CWOE,-0.62291971,"907,800",19,"94,261",19,0.0001,Consumer3,201604
AVG_PYMT_3CWOE,-0.62291971,"907,800",19,"94,261",19,0.0001,Consumer3,201604
DIF_LAST_DUE_VS_PYMTWOE,-0.62291971,"907,800",19,"94,261",19,0.0001,Consumer3,201604
DIF_LAST_DUE_VS_PYMTWOE,-0.62291971,"907,800",19,"94,261",19,0.0001,Consumer3,201604
DIF_LAST_DUE_VS_PYMTWOE,-0.62291971,"907,800",19,"94,261",19,0.0001,Consumer3,201604
DIF_LAST_DUE_VS_PYMTWOE,-0.62291971,"907,800",19,"94,261",19,0.0001,Consumer3,201604
DPDWOE,-0.62291971,"907,800",19,"94,261",19,0.0001,Consumer3,201604
DPDWOE,-0.62291971,"907,800",19,"94,261",19,0.0001,Consumer3,201604
DPDWOE,-0.62291971,"907,800",19,"94,261",19,0.0001,Consumer3,201604
FICOWOE,-0.62291971,"907,800",19,"94,261",19,0.0001,Consumer3,201604
FICOWOE,-0.62291971,"907,800",19,"94,261",19,0.0001,Consumer3,201604
FICOWOE,-0.62291971,"907,800",19,"94,261",19,0.0001,Consumer3,201604
FICOWOE,-0.62291971,"907,800",19,"94,261",19,0.0001,Consumer3,201604
FICOWOE,-0.62291971,"907,800",19,"94,261",19,0.0001,Consumer3,201604
FICOWOE,-0.62291971,"907,800",19,"94,261",19,0.0001,Consumer3,201604
FICOWOE,-0.62291971,"907,800",19,"94,261",19,0.0001,Consumer3,201604
FICOWOE,-0.62291971,"907,800",19,"94,261",19,0.0001,Consumer3,201604
LAST_ST_BALWOE,-0.62291971,"907,800",19,"94,261",19,0.0001,Consumer3,201604
LAST_ST_BALWOE,-0.62291971,"907,800",19,"94,261",19,0.0001,Consumer3,201604
LAST_ST_BALWOE,-0.62291971,"907,800",19,"94,261",19,0.0001,Consumer3,201604
LAST_ST_BALWOE,-0.62291971,"907,800",19,"94,261",19,0.0001,Consumer3,201604
rev7110_1WOE,-0.62291971,"907,800",19,"94,261",19,0.0001,Consumer3,201604
rev7110_1WOE,-0.62291971,"907,800",19,"94,261",19,0.0001,Consumer3,201604
rev7110_1WOE,-0.62291971,"907,800",19,"94,261",19,0.0001,Consumer3,201604
rev7110_1WOE,-0.62291971,"907,800",19,"94,261",19,0.0001,Consumer3,201604
rev7110_1WOE,-0.62291971,"907,800",19,"94,261",19,0.0001,Consumer3,201604
AVG_PYMT_3CWOE,-0.62291971,"907,800",19,"94,261",19,0.0001,Consumer3,201605
AVG_PYMT_3CWOE,-0.62291971,"907,800",19,"94,261",19,0.0001,Consumer3,201605
DIF_LAST_DUE_VS_PYMTWOE,-0.62291971,"907,800",19,"94,261",19,0.0001,Consumer3,201605
DIF_LAST_DUE_VS_PYMTWOE,-0.62291971,"907,800",19,"94,261",19,0.0001,Consumer3,201605
DIF_LAST_DUE_VS_PYMTWOE,-0.62291971,"907,800",19,"94,261",19,0.0001,Consumer3,201605
DIF_LAST_DUE_VS_PYMTWOE,-0.62291971,"907,800",19,"94,261",19,0.0001,Consumer3,201605
DPDWOE,-0.62291971,"907,800",19,"94,261",19,0.0001,Consumer3,201605
DPDWOE,-0.62291971,"907,800",19,"94,261",19,0.0001,Consumer3,201605
DPDWOE,-0.62291971,"907,800",19,"94,261",19,0.0001,Consumer3,201605
FICOWOE,-0.62291971,"907,800",19,"94,261",19,0.0001,Consumer3,201605
FICOWOE,-0.62291971,"907,800",19,"94,261",19,0.0001,Consumer3,201605
FICOWOE,-0.62291971,"907,800",19,"94,261",19,0.0001,Consumer3,201605
FICOWOE,-0.62291971,"907,800",19,"94,261",19,0.0001,Consumer3,201605
FICOWOE,-0.62291971,"907,800",19,"94,261",19,0.0001,Consumer3,201605
FICOWOE,-0.62291971,"907,800",19,"94,261",19,0.0001,Consumer3,201605
FICOWOE,-0.62291971,"907,800",19,"94,261",19,0.0001,Consumer3,201605
FICOWOE,-0.62291971,"907,800",19,"94,261",19,0.0001,Consumer3,201605
LAST_ST_BALWOE,-0.62291971,"907,800",19,"94,261",19,0.0001,Consumer3,201605
LAST_ST_BALWOE,-0.62291971,"907,800",19,"94,261",19,0.0001,Consumer3,201605
LAST_ST_BALWOE,-0.62291971,"907,800",19,"94,261",19,0.0001,Consumer3,201605
LAST_ST_BALWOE,-0.62291971,"907,800",19,"94,261",19,0.0001,Consumer3,201605
rev7110_1WOE,-0.62291971,"907,800",19,"94,261",19,0.0001,Consumer3,201605
rev7110_1WOE,-0.62291971,"907,800",19,"94,261",19,0.0001,Consumer3,201605
rev7110_1WOE,-0.62291971,"907,800",19,"94,261",19,0.0001,Consumer3,201605
rev7110_1WOE,-0.62291971,"907,800",19,"94,261",19,0.0001,Consumer3,201605
rev7110_1WOE,-0.62291971,"907,800",19,"94,261",19,0.0001,Consumer3,201605
AVG_PYMT_3CWOE,-0.62291971,"907,800",19,"94,261",19,0.0001,Consumer3,201606
AVG_PYMT_3CWOE,-0.62291971,"907,800",19,"94,261",19,0.0001,Consumer3,201606
DIF_LAST_DUE_VS_PYMTWOE,-0.62291971,"907,800",19,"94,261",19,0.0001,Consumer3,201606
DIF_LAST_DUE_VS_PYMTWOE,-0.62291971,"907,800",19,"94,261",19,0.0001,Consumer3,201606
DIF_LAST_DUE_VS_PYMTWOE,-0.62291971,"907,800",19,"94,261",19,0.0001,Consumer3,201606
DIF_LAST_DUE_VS_PYMTWOE,-0.62291971,"907,800",19,"94,261",19,0.0001,Consumer3,201606
DPDWOE,-0.62291971,"907,800",19,"94,261",19,0.0001,Consumer3,201606
DPDWOE,-0.62291971,"907,800",19,"94,261",19,0.0001,Consumer3,201606
DPDWOE,-0.62291971,"907,800",19,"94,261",19,0.0001,Consumer3,201606
FICOWOE,-0.62291971,"907,800",19,"94,261",19,0.0001,Consumer3,201606
FICOWOE,-0.62291971,"907,800",19,"94,261",19,0.0001,Consumer3,201606
FICOWOE,-0.62291971,"907,800",19,"94,261",19,0.0001,Consumer3,201606
FICOWOE,-0.62291971,"907,800",19,"94,261",19,0.0001,Consumer3,201606
FICOWOE,-0.62291971,"907,800",19,"94,261",19,0.0001,Consumer3,201606
FICOWOE,-0.62291971,"907,800",19,"94,261",19,0.0001,Consumer3,201606
FICOWOE,-0.62291971,"907,800",19,"94,261",19,0.0001,Consumer3,201606
FICOWOE,-0.62291971,"907,800",19,"94,261",19,0.0001,Consumer3,201606
LAST_ST_BALWOE,-0.62291971,"907,800",19,"94,261",19,0.0001,Consumer3,201606
LAST_ST_BALWOE,-0.62291971,"907,800",19,"94,261",19,0.0001,Consumer3,201606
LAST_ST_BALWOE,-0.62291971,"907,800",19,"94,261",19,0.0001,Consumer3,201606
LAST_ST_BALWOE,-0.62291971,"907,800",19,"94,261",19,0.0001,Consumer3,201606
rev7110_1WOE,-0.62291971,"907,800",19,"94,261",19,0.0001,Consumer3,201606
rev7110_1WOE,-0.62291971,"907,800",19,"94,261",19,0.0001,Consumer3,201606
rev7110_1WOE,-0.62291971,"907,800",19,"94,261",19,0.0001,Consumer3,201606
rev7110_1WOE,-0.62291971,"907,800",19,"94,261",19,0.0001,Consumer3,201606
rev7110_1WOE,-0.62291971,"907,800",19,"94,261",19,0.0001,Consumer3,201606
B1_WRST_90DWOE,-0.62291971,"907,800",19,"94,261",19,0.0001,Consumer4,201604
B1_WRST_90DWOE,-0.62291971,"907,800",19,"94,261",19,0.0001,Consumer4,201604
B1_WRST_90DWOE,-0.62291971,"907,800",19,"94,261",19,0.0001,Consumer4,201604
B1_WRST_90DWOE,-0.62291971,"907,800",19,"94,261",19,0.0001,Consumer4,201604
B1_WRST_90DWOE,-0.62291971,"907,800",19,"94,261",19,0.0001,Consumer4,201604
CASH_PCTWOE,-0.62291971,"907,800",19,"94,261",19,0.0001,Consumer4,201604
CASH_PCTWOE,-0.62291971,"907,800",19,"94,261",19,0.0001,Consumer4,201604
CASH_PCTWOE,-0.62291971,"907,800",19,"94,261",19,0.0001,Consumer4,201604
DIF_LAST_DUE_VS_PYMTWOE,-0.62291971,"907,800",19,"94,261",19,0.0001,Consumer4,201604
DIF_LAST_DUE_VS_PYMTWOE,-0.62291971,"907,800",19,"94,261",19,0.0001,Consumer4,201604
DIF_LAST_DUE_VS_PYMTWOE,-0.62291971,"907,800",19,"94,261",19,0.0001,Consumer4,201604
DIF_LAST_DUE_VS_PYMTWOE,-0.62291971,"907,800",19,"94,261",19,0.0001,Consumer4,201604
DPDWOE,-0.62291971,"907,800",19,"94,261",19,0.0001,Consumer4,201604
DPDWOE,-0.62291971,"907,800",19,"94,261",19,0.0001,Consumer4,201604
DPDWOE,-0.62291971,"907,800",19,"94,261",19,0.0001,Consumer4,201604
DPDWOE,-0.62291971,"907,800",19,"94,261",19,0.0001,Consumer4,201604
DPDWOE,-0.62291971,"907,800",19,"94,261",19,0.0001,Consumer4,201604
FICOWOE,-0.62291971,"907,800",19,"94,261",19,0.0001,Consumer4,201604
FICOWOE,-0.62291971,"907,800",19,"94,261",19,0.0001,Consumer4,201604
FICOWOE,-0.62291971,"907,800",19,"94,261",19,0.0001,Consumer4,201604
FICOWOE,-0.62291971,"907,800",19,"94,261",19,0.0001,Consumer4,201604
FICOWOE,-0.62291971,"907,800",19,"94,261",19,0.0001,Consumer4,201604
FICOWOE,-0.62291971,"907,800",19,"94,261",19,0.0001,Consumer4,201604
LAST_CYCLE_REVOLVINGWOE,-0.62291971,"907,800",19,"94,261",19,0.0001,Consumer4,201604
LAST_CYCLE_REVOLVINGWOE,-0.62291971,"907,800",19,"94,261",19,0.0001,Consumer4,201604
LAST_CYCLE_REVOLVINGWOE,-0.62291971,"907,800",19,"94,261",19,0.0001,Consumer4,201604
LAST_CYCLE_REVOLVINGWOE,-0.62291971,"907,800",19,"94,261",19,0.0001,Consumer4,201604
LAST_STMT_PERC_LAST_6MWOE,-0.62291971,"907,800",19,"94,261",19,0.0001,Consumer4,201604
LAST_STMT_PERC_LAST_6MWOE,-0.62291971,"907,800",19,"94,261",19,0.0001,Consumer4,201604
MNTHS_SINCE_PYMTWOE,-0.62291971,"907,800",19,"94,261",19,0.0001,Consumer4,201604
MNTHS_SINCE_PYMTWOE,-0.62291971,"907,800",19,"94,261",19,0.0001,Consumer4,201604
MNTHS_SINCE_PYMTWOE,-0.62291971,"907,800",19,"94,261",19,0.0001,Consumer4,201604
PYMT_RATIOWOE,-0.62291971,"907,800",19,"94,261",19,0.0001,Consumer4,201604
PYMT_RATIOWOE,-0.62291971,"907,800",19,"94,261",19,0.0001,Consumer4,201604
rev2358_2WOE,-0.62291971,"907,800",19,"94,261",19,0.0001,Consumer4,201604
rev2358_2WOE,-0.62291971,"907,800",19,"94,261",19,0.0001,Consumer4,201604
rev7110_1WOE,-0.62291971,"907,800",19,"94,261",19,0.0001,Consumer4,201604
rev7110_1WOE,-0.62291971,"907,800",19,"94,261",19,0.0001,Consumer4,201604
rev7110_1WOE,-0.62291971,"907,800",19,"94,261",19,0.0001,Consumer4,201604
B1_WRST_90DWOE,-0.62291971,"907,800",19,"94,261",19,0.0001,Consumer4,201605
B1_WRST_90DWOE,-0.62291971,"907,800",19,"94,261",19,0.0001,Consumer4,201605
B1_WRST_90DWOE,-0.62291971,"907,800",19,"94,261",19,0.0001,Consumer4,201605
B1_WRST_90DWOE,-0.62291971,"907,800",19,"94,261",19,0.0001,Consumer4,201605
B1_WRST_90DWOE,-0.62291971,"907,800",19,"94,261",19,0.0001,Consumer4,201605
CASH_PCTWOE,-0.62291971,"907,800",19,"94,261",19,0.0001,Consumer4,201605
CASH_PCTWOE,-0.62291971,"907,800",19,"94,261",19,0.0001,Consumer4,201605
CASH_PCTWOE,-0.62291971,"907,800",19,"94,261",19,0.0001,Consumer4,201605
DIF_LAST_DUE_VS_PYMTWOE,-0.62291971,"907,800",19,"94,261",19,0.0001,Consumer4,201605
DIF_LAST_DUE_VS_PYMTWOE,-0.62291971,"907,800",19,"94,261",19,0.0001,Consumer4,201605
DIF_LAST_DUE_VS_PYMTWOE,-0.62291971,"907,800",19,"94,261",19,0.0001,Consumer4,201605
DIF_LAST_DUE_VS_PYMTWOE,-0.62291971,"907,800",19,"94,261",19,0.0001,Consumer4,201605
DPDWOE,-0.62291971,"907,800",19,,,,Consumer4,201605
DPDWOE,-0.62291971,"907,800",19,2469,32.7193215,0.001916346,Consumer4,201605
DPDWOE,-0.62291971,"907,800",19,1410,18.68539624,0.000178972,Consumer4,201605
DPDWOE,-0.62291971,"907,800",19,3007,39.84892658,0.024386843,Consumer4,201605
DPDWOE,-0.62291971,"907,800",19,660,8.746355685,0.066834316,Consumer4,201605
FICOWOE,-0.62291971,"907,800",19,80,1.060164326,0.00056139,Consumer4,201605
FICOWOE,-0.62291971,"907,800",19,734,9.727007686,0.01086894,Consumer4,201605
FICOWOE,-0.62291971,"907,800",19,2099,27.81606149,0.012538826,Consumer4,201605
FICOWOE,-0.62291971,"907,800",19,87,1.152928704,0.000166311,Consumer4,201605
FICOWOE,-0.62291971,"907,800",19,4052,53.69732309,0.010896685,Consumer4,201605
FICOWOE,-0.62291971,"907,800",19,494,6.54651471,0.015124638,Consumer4,201605
LAST_CYCLE_REVOLVINGWOE,-0.62291971,"907,800",19,1528,20.24913862,0.001870509,Consumer4,201605
LAST_CYCLE_REVOLVINGWOE,-0.62291971,"907,800",19,1241,16.4457991,0.0095702,Consumer4,201605
LAST_CYCLE_REVOLVINGWOE,-0.62291971,"907,800",19,3506,46.46170156,0.005278639,Consumer4,201605
LAST_CYCLE_REVOLVINGWOE,-0.62291971,"907,800",19,1271,16.84336072,0.042664064,Consumer4,201605
LAST_STMT_PERC_LAST_6MWOE,-0.62291971,"907,800",19,2239,29.67134906,0.010552591,Consumer4,201605
LAST_STMT_PERC_LAST_6MWOE,-0.62291971,"907,800",19,5307,70.32865094,0.003893322,Consumer4,201605
MNTHS_SINCE_PYMTWOE,-0.62291971,"907,800",19,1024,13.57010337,0.000316284,Consumer4,201605
MNTHS_SINCE_PYMTWOE,-0.62291971,"907,800",19,4776,63.29181023,0.000613742,Consumer4,201605
MNTHS_SINCE_PYMTWOE,-0.62291971,"907,800",19,1746,23.1380864,0.00277451,Consumer4,201605
PYMT_RATIOWOE,-0.62291971,"907,800",19,5410,71.69361251,0.002388547,Consumer4,201605
PYMT_RATIOWOE,-0.62291971,"907,800",19,2136,28.30638749,0.005489322,Consumer4,201605
rev2358_2WOE,-0.62291971,"907,800",19,6828,90.48502518,0.00021527,Consumer4,201605
rev2358_2WOE,-0.62291971,"907,800",19,718,9.514974821,0.001896028,Consumer4,201605
rev7110_1WOE,-0.62291971,"907,800",19,3691,48.91333157,0.012258457,Consumer4,201605
rev7110_1WOE,-0.62291971,"907,800",19,2826,37.4503048,0.005631658,Consumer4,201605
rev7110_1WOE,-0.62291971,"907,800",19,1029,13.63636364,0.011014198,Consumer4,201605
B1_WRST_90DWOE,-0.62291971,"907,800",19,53,0.851816136,5.53E-05,Consumer4,201606
B1_WRST_90DWOE,-0.62291971,"907,800",19,3725,59.86820958,2.87E-06,Consumer4,201606
B1_WRST_90DWOE,-0.62291971,"907,800",19,222,3.567984571,0.000128624,Consumer4,201606
B1_WRST_90DWOE,-0.62291971,"907,800",19,1185,19.04532305,0.001176678,Consumer4,201606
B1_WRST_90DWOE,-0.62291971,"907,800",19,1037,16.66666667,0.001206951,Consumer4,201606
CASH_PCTWOE,-0.62291971,"907,800",19,208,3.342976535,0.00263365,Consumer4,201606
CASH_PCTWOE,-0.62291971,"907,800",19,1292,20.76502732,0.000622985,Consumer4,201606
CASH_PCTWOE,-0.62291971,"907,800",19,4722,75.89199614,0.000621537,Consumer4,201606
DIF_LAST_DUE_VS_PYMTWOE,-0.62291971,"907,800",19,1382,22.21150755,0.002905417,Consumer4,201606
DIF_LAST_DUE_VS_PYMTWOE,-0.62291971,"907,800",19,1051,16.8916747,0.001575579,Consumer4,201606
DIF_LAST_DUE_VS_PYMTWOE,-0.62291971,"907,800",19,2288,36.77274188,0.000225497,Consumer4,201606
DIF_LAST_DUE_VS_PYMTWOE,-0.62291971,"907,800",19,1501,24.12407586,0.001159952,Consumer4,201606
DPDWOE,-0.62291971,"907,800",19,134,2.153648345,0.000437396,Consumer4,201606
DPDWOE,-0.62291971,"907,800",19,1825,29.33140469,0.000291503,Consumer4,201606
DPDWOE,-0.62291971,"907,800",19,1279,20.55609129,0.000833344,Consumer4,201606
DPDWOE,-0.62291971,"907,800",19,1892,30.40822887,0.00001294,Consumer4,201606
DPDWOE,-0.62291971,"907,800",19,1092,17.55062681,0.000115553,Consumer4,201606
FICOWOE,-0.62291971,"907,800",19,54,0.867888139,0.001880793,Consumer4,201606
FICOWOE,-0.62291971,"907,800",19,606,9.739633558,0.010784458,Consumer4,201606
FICOWOE,-0.62291971,"907,800",19,1836,29.50819672,0.006453911,Consumer4,201606
FICOWOE,-0.62291971,"907,800",19,71,1.141112183,0.000196,Consumer4,201606
FICOWOE,-0.62291971,"907,800",19,3260,52.39472838,0.007480874,Consumer4,201606
FICOWOE,-0.62291971,"907,800",19,395,6.348441016,0.013252186,Consumer4,201606
LAST_CYCLE_REVOLVINGWOE,-0.62291971,"907,800",19,1247,20.04178721,0.001492152,Consumer4,201606
LAST_CYCLE_REVOLVINGWOE,-0.62291971,"907,800",19,1088,17.4863388,0.005260679,Consumer4,201606
LAST_CYCLE_REVOLVINGWOE,-0.62291971,"907,800",19,2809,45.14625522,0.008482427,Consumer4,201606
LAST_CYCLE_REVOLVINGWOE,-0.62291971,"907,800",19,1078,17.32561877,0.047670695,Consumer4,201606
LAST_STMT_PERC_LAST_6MWOE,-0.62291971,"907,800",19,1748,28.0938605,0.005379364,Consumer4,201606
LAST_STMT_PERC_LAST_6MWOE,-0.62291971,"907,800",19,4474,71.90613951,0.001908644,Consumer4,201606
MNTHS_SINCE_PYMTWOE,-0.62291971,"907,800",19,799,12.84153006,5.14E-06,Consumer4,201606
MNTHS_SINCE_PYMTWOE,-0.62291971,"907,800",19,3947,63.43619415,0.000706906,Consumer4,201606
MNTHS_SINCE_PYMTWOE,-0.62291971,"907,800",19,1476,23.7222758,0.001648451,Consumer4,201606
PYMT_RATIOWOE,-0.62291971,"907,800",19,4415,70.95789135,0.001612867,Consumer4,201606
PYMT_RATIOWOE,-0.62291971,"907,800",19,1807,29.04210865,0.003641371,Consumer4,201606
rev2358_2WOE,-0.62291971,"907,800",19,5631,90.50144648,0.000220366,Consumer4,201606
rev2358_2WOE,-0.62291971,"907,800",19,591,9.49855352,0.001942721,Consumer4,201606
rev7110_1WOE,-0.62291971,"907,800",19,3005,48.29636773,0.014298094,Consumer4,201606
rev7110_1WOE,-0.62291971,"907,800",19,2341,37.62455802,0.006066843,Consumer4,201606
rev7110_1WOE,-0.62291971,"907,800",19,876,14.07907425,0.013660478,Consumer4,201606
B1_WRST_90DWOE,-0.62291971,"907,800",19,3243,76.84834123,0.022284784,Consumer5,201604
B1_WRST_90DWOE,-0.62291971,"907,800",19,282,6.682464455,0.007084342,Consumer5,201604
B1_WRST_90DWOE,-0.62291971,"907,800",19,695,16.46919431,0.048948637,Consumer5,201604
DIF_LAST_DUE_VS_PYMTWOE,-0.62291971,"907,800",19,500,11.84834123,0.001600804,Consumer5,201604
DIF_LAST_DUE_VS_PYMTWOE,-0.62291971,"907,800",19,362,8.578199052,0.000405472,Consumer5,201604
DIF_LAST_DUE_VS_PYMTWOE,-0.62291971,"907,800",19,674,15.97156398,0.002076594,Consumer5,201604
DIF_LAST_DUE_VS_PYMTWOE,-0.62291971,"907,800",19,1410,33.41232228,0.0016568,Consumer5,201604
DIF_LAST_DUE_VS_PYMTWOE,-0.62291971,"907,800",19,1274,30.18957346,0.00438907,Consumer5,201604
FICOV8_2WOE,-0.62291971,"907,800",19,3901,92.44075829,0.0002709,Consumer5,201604
FICOV8_2WOE,-0.62291971,"907,800",19,319,7.559241706,0.002983345,Consumer5,201604
LAST_ST_BALWOE,-0.62291971,"907,800",19,558,13.22274882,0.000951385,Consumer5,201604
LAST_ST_BALWOE,-0.62291971,"907,800",19,278,6.587677725,0.000128715,Consumer5,201604
LAST_ST_BALWOE,-0.62291971,"907,800",19,1007,23.86255924,0.002782875,Consumer5,201604
LAST_ST_BALWOE,-0.62291971,"907,800",19,2291,54.28909953,0.000710395,Consumer5,201604
LAST_ST_BALWOE,-0.62291971,"907,800",19,86,2.037914692,5.10E-05,Consumer5,201604
MNTHS_SINCE_PYMTWOE,-0.62291971,"907,800",19,2629,62.2985782,0.010797216,Consumer5,201604
MNTHS_SINCE_PYMTWOE,-0.62291971,"907,800",19,582,13.79146919,0.00016326,Consumer5,201604
MNTHS_SINCE_PYMTWOE,-0.62291971,"907,800",19,1009,23.90995261,0.025293821,Consumer5,201604
UPDATED_FICO_PRIWOE,-0.62291971,"907,800",19,27,0.639810427,9.48E-06,Consumer5,201604
UPDATED_FICO_PRIWOE,-0.62291971,"907,800",19,59,1.398104265,0.004538387,Consumer5,201604
UPDATED_FICO_PRIWOE,-0.62291971,"907,800",19,4134,97.96208531,4.37E-05,Consumer5,201604
UTILIZATIONWOE,-0.62291971,"907,800",19,1330,31.51658768,0.01100364,Consumer5,201604
UTILIZATIONWOE,-0.62291971,"907,800",19,677,16.04265403,0.0015981,Consumer5,201604
UTILIZATIONWOE,-0.62291971,"907,800",19,2117,50.16587678,0.002461197,Consumer5,201604
UTILIZATIONWOE,-0.62291971,"907,800",19,96,2.274881517,0.000634275,Consumer5,201604
rev7110_1WOE,-0.62291971,"907,800",19,2158,51.13744076,0.000112274,Consumer5,201604
rev7110_1WOE,-0.62291971,"907,800",19,992,23.50710901,0.005223082,Consumer5,201604
rev7110_1WOE,-0.62291971,"907,800",19,375,8.886255924,0.017108738,Consumer5,201604
rev7110_1WOE,-0.62291971,"907,800",19,695,16.46919431,0.001867899,Consumer5,201604
B1_WRST_90DWOE,-0.62291971,"907,800",19,3220,77.23674742,0.023626868,Consumer5,201605
B1_WRST_90DWOE,-0.62291971,"907,800",19,338,8.107459823,0.001000464,Consumer5,201605
B1_WRST_90DWOE,-0.62291971,"907,800",19,611,14.65579276,0.071657467,Consumer5,201605
DIF_LAST_DUE_VS_PYMTWOE,-0.62291971,"907,800",19,543,13.02470617,0.005388433,Consumer5,201605
DIF_LAST_DUE_VS_PYMTWOE,-0.62291971,"907,800",19,377,9.042935956,2.00E-05,Consumer5,201605
DIF_LAST_DUE_VS_PYMTWOE,-0.62291971,"907,800",19,637,15.27944351,0.003980329,Consumer5,201605
DIF_LAST_DUE_VS_PYMTWOE,-0.62291971,"907,800",19,1409,33.79707364,0.001160479,Consumer5,201605
DIF_LAST_DUE_VS_PYMTWOE,-0.62291971,"907,800",19,1203,28.85584073,0.001738388,Consumer5,201605
FICOV8_2WOE,-0.62291971,"907,800",19,3835,91.98848645,0.000138044,Consumer5,201605
FICOV8_2WOE,-0.62291971,"907,800",19,334,8.011513552,0.001474228,Consumer5,201605
LAST_ST_BALWOE,-0.62291971,"907,800",19,613,14.70376589,0.004972683,Consumer5,201605
LAST_ST_BALWOE,-0.62291971,"907,800",19,296,7.100023987,0.000067947,Consumer5,201605
LAST_ST_BALWOE,-0.62291971,"907,800",19,944,22.64331974,0.006092348,Consumer5,201605
LAST_ST_BALWOE,-0.62291971,"907,800",19,2275,54.56944111,0.000927404,Consumer5,201605
LAST_ST_BALWOE,-0.62291971,"907,800",19,41,0.983449268,0.009006527,Consumer5,201605
MNTHS_SINCE_PYMTWOE,-0.62291971,"907,800",19,2717,65.17150396,0.019579248,Consumer5,201605
MNTHS_SINCE_PYMTWOE,-0.62291971,"907,800",19,486,11.65747182,0.002219173,Consumer5,201605
MNTHS_SINCE_PYMTWOE,-0.62291971,"907,800",19,966,23.17102423,0.030387802,Consumer5,201605
UPDATED_FICO_PRIWOE,-0.62291971,"907,800",19,26,0.623650756,2.61E-05,Consumer5,201605
UPDATED_FICO_PRIWOE,-0.62291971,"907,800",19,23,0.551691053,0.000436308,Consumer5,201605
UPDATED_FICO_PRIWOE,-0.62291971,"907,800",19,4120,98.82465819,4.34E-06,Consumer5,201605
UTILIZATIONWOE,-0.62291971,"907,800",19,1229,29.47949149,0.004620702,Consumer5,201605
UTILIZATIONWOE,-0.62291971,"907,800",19,693,16.62269129,0.000656398,Consumer5,201605
UTILIZATIONWOE,-0.62291971,"907,800",19,2129,51.06740226,0.001364363,Consumer5,201605
UTILIZATIONWOE,-0.62291971,"907,800",19,118,2.830414968,9.30E-05,Consumer5,201605
rev7110_1WOE,-0.62291971,"907,800",19,2129,51.06740226,0.000133996,Consumer5,201605
rev7110_1WOE,-0.62291971,"907,800",19,970,23.2669705,0.004529539,Consumer5,201605
rev7110_1WOE,-0.62291971,"907,800",19,304,7.291916527,0.035117409,Consumer5,201605
rev7110_1WOE,-0.62291971,"907,800",19,766,18.37371072,0.007903985,Consumer5,201605
B1_WRST_90DWOE,-0.62291971,"907,800",19,2650,72.42415961,0.009609891,Consumer5,201606
B1_WRST_90DWOE,-0.62291971,"907,800",19,368,10.05739273,0.001100484,Consumer5,201606
B1_WRST_90DWOE,-0.62291971,"907,800",19,641,17.51844766,0.038264714,Consumer5,201606
DIF_LAST_DUE_VS_PYMTWOE,-0.62291971,"907,800",19,497,13.58294616,0.007874312,Consumer5,201606
DIF_LAST_DUE_VS_PYMTWOE,-0.62291971,"907,800",19,337,9.210166712,1.12E-06,Consumer5,201606
DIF_LAST_DUE_VS_PYMTWOE,-0.62291971,"907,800",19,625,17.08116972,0.00033363,Consumer5,201606
DIF_LAST_DUE_VS_PYMTWOE,-0.62291971,"907,800",19,1233,33.69773162,0.001279927,Consumer5,201606
DIF_LAST_DUE_VS_PYMTWOE,-0.62291971,"907,800",19,967,26.42798579,2.02E-05,Consumer5,201606
FICOV8_2WOE,-0.62291971,"907,800",19,3342,91.33643072,2.44E-05,Consumer5,201606
FICOV8_2WOE,-0.62291971,"907,800",19,317,8.663569281,0.000249727,Consumer5,201606
LAST_ST_BALWOE,-0.62291971,"907,800",19,570,15.57802678,0.008652928,Consumer5,201606
LAST_ST_BALWOE,-0.62291971,"907,800",19,273,7.461054933,0.000467667,Consumer5,201606
LAST_ST_BALWOE,-0.62291971,"907,800",19,904,24.70620388,0.001269382,Consumer5,201606
LAST_ST_BALWOE,-0.62291971,"907,800",19,1880,51.38015851,0.000178779,Consumer5,201606
LAST_ST_BALWOE,-0.62291971,"907,800",19,32,0.87455589,0.011340003,Consumer5,201606
MNTHS_SINCE_PYMTWOE,-0.62291971,"907,800",19,2238,61.16425253,0.008004006,Consumer5,201606
MNTHS_SINCE_PYMTWOE,-0.62291971,"907,800",19,424,11.58786554,0.002415824,Consumer5,201606
MNTHS_SINCE_PYMTWOE,-0.62291971,"907,800",19,997,27.24788194,0.008627527,Consumer5,201606
UPDATED_FICO_PRIWOE,-0.62291971,"907,800",19,19,0.519267559,0.000359003,Consumer5,201606
UPDATED_FICO_PRIWOE,-0.62291971,"907,800",19,22,0.601257174,0.000205862,Consumer5,201606
UPDATED_FICO_PRIWOE,-0.62291971,"907,800",19,3618,98.87947527,6.94E-06,Consumer5,201606
UTILIZATIONWOE,-0.62291971,"907,800",19,1027,28.06777808,0.001734469,Consumer5,201606
UTILIZATIONWOE,-0.62291971,"907,800",19,658,17.98305548,5.03E-05,Consumer5,201606
UTILIZATIONWOE,-0.62291971,"907,800",19,1885,51.51680787,0.000940148,Consumer5,201606
UTILIZATIONWOE,-0.62291971,"907,800",19,89,2.432358568,0.000222404,Consumer5,201606
rev7110_1WOE,-0.62291971,"907,800",19,1872,51.16151954,0.000105252,Consumer5,201606
rev7110_1WOE,-0.62291971,"907,800",19,877,23.96829735,0.006682187,Consumer5,201606
rev7110_1WOE,-0.62291971,"907,800",19,271,7.40639519,0.03353424,Consumer5,201606
rev7110_1WOE,-0.62291971,"907,800",19,639,17.46378792,0.004540397,Consumer5,201606
ACCOUNT_CRDT_STATUSWOE,-0.62291971,"907,800",19,71,0.414889266,0.000842503,Consumer5B1,201604
ACCOUNT_CRDT_STATUSWOE,-0.62291971,"907,800",19,1310,7.654999124,0.002842925,Consumer5B1,201604
ACCOUNT_CRDT_STATUSWOE,-0.62291971,"907,800",19,136,0.794717466,0.003750366,Consumer5B1,201604
ACCOUNT_CRDT_STATUSWOE,-0.62291971,"907,800",19,15596,91.13539415,0.00044227,Consumer5B1,201604
CARRYING_VALUEWOE,-0.62291971,"907,800",19,1644,9.606731724,0.021186689,Consumer5B1,201604
CARRYING_VALUEWOE,-0.62291971,"907,800",19,1157,6.760941974,0.000430026,Consumer5B1,201604
CARRYING_VALUEWOE,-0.62291971,"907,800",19,1045,6.106468766,0.00101815,Consumer5B1,201604
CARRYING_VALUEWOE,-0.62291971,"907,800",19,1253,7.321919009,0.00064697,Consumer5B1,201604
CARRYING_VALUEWOE,-0.62291971,"907,800",19,1301,7.602407526,0.000969488,Consumer5B1,201604
CARRYING_VALUEWOE,-0.62291971,"907,800",19,3183,18.59989482,7.88E-06,Consumer5B1,201604
CARRYING_VALUEWOE,-0.62291971,"907,800",19,1851,10.81633846,0.001720728,Consumer5B1,201604
CARRYING_VALUEWOE,-0.62291971,"907,800",19,2600,15.19312803,0.003427267,Consumer5B1,201604
CARRYING_VALUEWOE,-0.62291971,"907,800",19,3079,17.9921697,0.014643532,Consumer5B1,201604
C_FICOWOE,-0.62291971,"907,800",19,706,4.125518612,0.000415624,Consumer5B1,201604
C_FICOWOE,-0.62291971,"907,800",19,1220,7.129083153,0.00080368,Consumer5B1,201604
C_FICOWOE,-0.62291971,"907,800",19,1045,6.106468766,4.91E-05,Consumer5B1,201604
C_FICOWOE,-0.62291971,"907,800",19,1332,7.783556361,6.33E-05,Consumer5B1,201604
C_FICOWOE,-0.62291971,"907,800",19,1740,10.16770876,0.000439758,Consumer5B1,201604
C_FICOWOE,-0.62291971,"907,800",19,930,5.434465027,0.000136478,Consumer5B1,201604
C_FICOWOE,-0.62291971,"907,800",19,2013,11.7629872,0.000413063,Consumer5B1,201604
C_FICOWOE,-0.62291971,"907,800",19,2044,11.94413604,0.000986582,Consumer5B1,201604
C_FICOWOE,-0.62291971,"907,800",19,2595,15.16391048,0.002070115,Consumer5B1,201604
C_FICOWOE,-0.62291971,"907,800",19,3488,20.38216561,0.003590359,Consumer5B1,201604
LAST_STMT_PERC_LAST_6MWOE,-0.62291971,"907,800",19,1528,8.928884474,0.011551433,Consumer5B1,201604
LAST_STMT_PERC_LAST_6MWOE,-0.62291971,"907,800",19,714,4.172266698,0.000978029,Consumer5B1,201604
LAST_STMT_PERC_LAST_6MWOE,-0.62291971,"907,800",19,750,4.382633086,0.001102827,Consumer5B1,201604
LAST_STMT_PERC_LAST_6MWOE,-0.62291971,"907,800",19,1144,6.684976334,0.002415709,Consumer5B1,201604
LAST_STMT_PERC_LAST_6MWOE,-0.62291971,"907,800",19,1581,9.238590545,0.002531611,Consumer5B1,201604
LAST_STMT_PERC_LAST_6MWOE,-0.62291971,"907,800",19,1523,8.89966692,0.001385545,Consumer5B1,201604
LAST_STMT_PERC_LAST_6MWOE,-0.62291971,"907,800",19,2132,12.45836499,0.000207803,Consumer5B1,201604
LAST_STMT_PERC_LAST_6MWOE,-0.62291971,"907,800",19,1776,10.37807515,0.001142715,Consumer5B1,201604
LAST_STMT_PERC_LAST_6MWOE,-0.62291971,"907,800",19,2007,11.72792614,2.08E-06,Consumer5B1,201604
LAST_STMT_PERC_LAST_6MWOE,-0.62291971,"907,800",19,3958,23.12861567,0.020473152,Consumer5B1,201604
MNTHS_SINCE_PYMTWOE,-0.62291971,"907,800",19,1752,10.23783089,0.000171377,Consumer5B1,201604
MNTHS_SINCE_PYMTWOE,-0.62291971,"907,800",19,15027,87.81043651,0.016333348,Consumer5B1,201604
MNTHS_SINCE_PYMTWOE,-0.62291971,"907,800",19,334,1.951732601,0.212083318,Consumer5B1,201604
ACCOUNT_CRDT_STATUSWOE,-0.62291971,"907,800",19,71,0.431742171,0.001000901,Consumer5B1,201605
ACCOUNT_CRDT_STATUSWOE,-0.62291971,"907,800",19,1243,7.558528428,0.002481752,Consumer5B1,201605
ACCOUNT_CRDT_STATUSWOE,-0.62291971,"907,800",19,129,0.784432958,0.003607354,Consumer5B1,201605
ACCOUNT_CRDT_STATUSWOE,-0.62291971,"907,800",19,15002,91.22529644,0.000403556,Consumer5B1,201605
CARRYING_VALUEWOE,-0.62291971,"907,800",19,1596,9.705077531,0.022125848,Consumer5B1,201605
CARRYING_VALUEWOE,-0.62291971,"907,800",19,1097,6.670720584,0.000297735,Consumer5B1,201605
CARRYING_VALUEWOE,-0.62291971,"907,800",19,1055,6.415323807,0.000382596,Consumer5B1,201605
CARRYING_VALUEWOE,-0.62291971,"907,800",19,1186,7.211918516,0.000871281,Consumer5B1,201605
CARRYING_VALUEWOE,-0.62291971,"907,800",19,1281,7.789601703,0.000594709,Consumer5B1,201605
CARRYING_VALUEWOE,-0.62291971,"907,800",19,3061,18.61356035,6.20E-06,Consumer5B1,201605
CARRYING_VALUEWOE,-0.62291971,"907,800",19,1783,10.84220128,0.001786583,Consumer5B1,201605
CARRYING_VALUEWOE,-0.62291971,"907,800",19,2468,15.0076011,0.0028907,Consumer5B1,201605
CARRYING_VALUEWOE,-0.62291971,"907,800",19,2918,17.74399514,0.01610258,Consumer5B1,201605
C_FICOWOE,-0.62291971,"907,800",19,655,3.982973548,0.000754577,Consumer5B1,201605
C_FICOWOE,-0.62291971,"907,800",19,1241,7.546366677,0.00016745,Consumer5B1,201605
C_FICOWOE,-0.62291971,"907,800",19,1005,6.111280024,4.64E-05,Consumer5B1,201605
C_FICOWOE,-0.62291971,"907,800",19,1320,8.026755853,4.80E-07,Consumer5B1,201605
C_FICOWOE,-0.62291971,"907,800",19,1682,10.22803284,0.000522567,Consumer5B1,201605
C_FICOWOE,-0.62291971,"907,800",19,959,5.831559745,0.000807701,Consumer5B1,201605
C_FICOWOE,-0.62291971,"907,800",19,1959,11.91243539,0.000608522,Consumer5B1,201605
C_FICOWOE,-0.62291971,"907,800",19,1971,11.9854059,0.001062978,Consumer5B1,201605
C_FICOWOE,-0.62291971,"907,800",19,2483,15.09881423,0.001920573,Consumer5B1,201605
C_FICOWOE,-0.62291971,"907,800",19,3170,19.2763758,0.007186649,Consumer5B1,201605
LAST_STMT_PERC_LAST_6MWOE,-0.62291971,"907,800",19,1329,8.081483734,0.0061322,Consumer5B1,201605
LAST_STMT_PERC_LAST_6MWOE,-0.62291971,"907,800",19,619,3.764062025,0.000115924,Consumer5B1,201605
LAST_STMT_PERC_LAST_6MWOE,-0.62291971,"907,800",19,821,4.992398905,0.003774128,Consumer5B1,201605
LAST_STMT_PERC_LAST_6MWOE,-0.62291971,"907,800",19,1120,6.810580724,0.002915093,Consumer5B1,201605
LAST_STMT_PERC_LAST_6MWOE,-0.62291971,"907,800",19,1603,9.747643661,0.004470056,Consumer5B1,201605
LAST_STMT_PERC_LAST_6MWOE,-0.62291971,"907,800",19,1485,9.030100334,0.001729037,Consumer5B1,201605
LAST_STMT_PERC_LAST_6MWOE,-0.62291971,"907,800",19,2067,12.56916996,0.000307929,Consumer5B1,201605
LAST_STMT_PERC_LAST_6MWOE,-0.62291971,"907,800",19,1760,10.70234114,0.000567078,Consumer5B1,201605
LAST_STMT_PERC_LAST_6MWOE,-0.62291971,"907,800",19,1925,11.70568562,6.26E-07,Consumer5B1,201605
LAST_STMT_PERC_LAST_6MWOE,-0.62291971,"907,800",19,3716,22.5965339,0.023790909,Consumer5B1,201605
MNTHS_SINCE_PYMTWOE,-0.62291971,"907,800",19,1723,10.47734874,3.19E-05,Consumer5B1,201605
MNTHS_SINCE_PYMTWOE,-0.62291971,"907,800",19,14412,87.63757981,0.015864743,Consumer5B1,201605
MNTHS_SINCE_PYMTWOE,-0.62291971,"907,800",19,310,1.88507145,0.217247433,Consumer5B1,201605
ACCOUNT_CRDT_STATUSWOE,-0.62291971,"907,800",19,61,0.377615451,0.000532051,Consumer5B1,201606
ACCOUNT_CRDT_STATUSWOE,-0.62291971,"907,800",19,1119,6.927076885,0.000693408,Consumer5B1,201606
ACCOUNT_CRDT_STATUSWOE,-0.62291971,"907,800",19,128,0.792373406,0.003717601,Consumer5B1,201606
ACCOUNT_CRDT_STATUSWOE,-0.62291971,"907,800",19,14846,91.90293426,0.000169181,Consumer5B1,201606
CARRYING_VALUEWOE,-0.62291971,"907,800",19,1610,9.966571747,0.024699052,Consumer5B1,201606
CARRYING_VALUEWOE,-0.62291971,"907,800",19,1136,7.032313978,0.000965615,Consumer5B1,201606
CARRYING_VALUEWOE,-0.62291971,"907,800",19,1026,6.351368082,0.000488054,Consumer5B1,201606
CARRYING_VALUEWOE,-0.62291971,"907,800",19,1166,7.218026495,0.000857904,Consumer5B1,201606
CARRYING_VALUEWOE,-0.62291971,"907,800",19,1282,7.936114894,0.00036713,Consumer5B1,201606
CARRYING_VALUEWOE,-0.62291971,"907,800",19,2974,18.41030085,5.20E-05,Consumer5B1,201606
CARRYING_VALUEWOE,-0.62291971,"907,800",19,1727,10.69085056,0.001417758,Consumer5B1,201606
CARRYING_VALUEWOE,-0.62291971,"907,800",19,2452,15.17890306,0.003384629,Consumer5B1,201606
CARRYING_VALUEWOE,-0.62291971,"907,800",19,2781,17.21555033,0.019480374,Consumer5B1,201606
C_FICOWOE,-0.62291971,"907,800",19,620,3.838058685,0.001211283,Consumer5B1,201606
C_FICOWOE,-0.62291971,"907,800",19,1224,7.577070695,0.000139797,Consumer5B1,201606
C_FICOWOE,-0.62291971,"907,800",19,1016,6.28946391,1.17E-07,Consumer5B1,201606
C_FICOWOE,-0.62291971,"907,800",19,1280,7.92373406,8.74E-06,Consumer5B1,201606
C_FICOWOE,-0.62291971,"907,800",19,1604,9.929429244,0.000180976,Consumer5B1,201606
C_FICOWOE,-0.62291971,"907,800",19,935,5.788040114,0.000708294,Consumer5B1,201606
C_FICOWOE,-0.62291971,"907,800",19,1925,11.91655318,0.000614423,Consumer5B1,201606
C_FICOWOE,-0.62291971,"907,800",19,1949,12.06512319,0.001218211,Consumer5B1,201606
C_FICOWOE,-0.62291971,"907,800",19,2405,14.88795345,0.001472772,Consumer5B1,201606
C_FICOWOE,-0.62291971,"907,800",19,3196,19.78457348,0.005367551,Consumer5B1,201606
LAST_STMT_PERC_LAST_6MWOE,-0.62291971,"907,800",19,1296,8.022780735,0.005811678,Consumer5B1,201606
LAST_STMT_PERC_LAST_6MWOE,-0.62291971,"907,800",19,648,4.011390368,0.000543601,Consumer5B1,201606
LAST_STMT_PERC_LAST_6MWOE,-0.62291971,"907,800",19,732,4.531385415,0.001621042,Consumer5B1,201606
LAST_STMT_PERC_LAST_6MWOE,-0.62291971,"907,800",19,1115,6.902315216,0.003306285,Consumer5B1,201606
LAST_STMT_PERC_LAST_6MWOE,-0.62291971,"907,800",19,1545,9.564194627,0.003714465,Consumer5B1,201606
LAST_STMT_PERC_LAST_6MWOE,-0.62291971,"907,800",19,1501,9.291816268,0.002523591,Consumer5B1,201606
LAST_STMT_PERC_LAST_6MWOE,-0.62291971,"907,800",19,2107,13.04320911,0.000948457,Consumer5B1,201606
LAST_STMT_PERC_LAST_6MWOE,-0.62291971,"907,800",19,1709,10.57942305,0.000760781,Consumer5B1,201606
LAST_STMT_PERC_LAST_6MWOE,-0.62291971,"907,800",19,1873,11.59465148,6.06E-06,Consumer5B1,201606
LAST_STMT_PERC_LAST_6MWOE,-0.62291971,"907,800",19,3628,22.45883373,0.024697064,Consumer5B1,201606
MNTHS_SINCE_PYMTWOE,-0.62291971,"907,800",19,1389,8.598489538,0.004434428,Consumer5B1,201606
MNTHS_SINCE_PYMTWOE,-0.62291971,"907,800",19,14464,89.53819487,0.021363555,Consumer5B1,201606
MNTHS_SINCE_PYMTWOE,-0.62291971,"907,800",19,301,1.863315588,0.218972776,Consumer5B1,201606
DIF_LAST_DUE_VS_PYMTWOE,-0.62291971,"907,800",19,208,14.83594865,0.003537256,Consumer5B2,201604
DIF_LAST_DUE_VS_PYMTWOE,-0.62291971,"907,800",19,168,11.9828816,0.002622415,Consumer5B2,201604
DIF_LAST_DUE_VS_PYMTWOE,-0.62291971,"907,800",19,149,10.62767475,8.46E-05,Consumer5B2,201604
DIF_LAST_DUE_VS_PYMTWOE,-0.62291971,"907,800",19,140,9.985734665,0.000365611,Consumer5B2,201604
DIF_LAST_DUE_VS_PYMTWOE,-0.62291971,"907,800",19,117,8.345221113,0.005252498,Consumer5B2,201604
DIF_LAST_DUE_VS_PYMTWOE,-0.62291971,"907,800",19,225,16.04850214,0.006254029,Consumer5B2,201604
DIF_LAST_DUE_VS_PYMTWOE,-0.62291971,"907,800",19,104,7.417974322,0.003138152,Consumer5B2,201604
DIF_LAST_DUE_VS_PYMTWOE,-0.62291971,"907,800",19,138,9.843081312,2.08E-07,Consumer5B2,201604
DIF_LAST_DUE_VS_PYMTWOE,-0.62291971,"907,800",19,153,10.91298146,0.013908256,Consumer5B2,201604
DPDWOE,-0.62291971,"907,800",19,104,7.417974322,0.000510416,Consumer5B2,201604
DPDWOE,-0.62291971,"907,800",19,74,5.278174037,0.001101805,Consumer5B2,201604
DPDWOE,-0.62291971,"907,800",19,167,11.91155492,3.24E-05,Consumer5B2,201604
DPDWOE,-0.62291971,"907,800",19,160,11.41226819,0.000273911,Consumer5B2,201604
DPDWOE,-0.62291971,"907,800",19,336,23.9657632,0.004104928,Consumer5B2,201604
DPDWOE,-0.62291971,"907,800",19,128,9.129814551,0.005650511,Consumer5B2,201604
DPDWOE,-0.62291971,"907,800",19,136,9.70042796,0.000136421,Consumer5B2,201604
DPDWOE,-0.62291971,"907,800",19,174,12.41084166,0.001704127,Consumer5B2,201604
DPDWOE,-0.62291971,"907,800",19,123,8.77318117,1.70E-05,Consumer5B2,201604
FICOV8_1WOE,-0.62291971,"907,800",19,61,4.350927247,0.003465608,Consumer5B2,201604
FICOV8_1WOE,-0.62291971,"907,800",19,68,4.85021398,0.052001011,Consumer5B2,201604
FICOV8_1WOE,-0.62291971,"907,800",19,95,6.776034237,6.95E-07,Consumer5B2,201604
FICOV8_1WOE,-0.62291971,"907,800",19,74,5.278174037,4.24E-05,Consumer5B2,201604
FICOV8_1WOE,-0.62291971,"907,800",19,170,12.12553495,0.000979246,Consumer5B2,201604
FICOV8_1WOE,-0.62291971,"907,800",19,78,5.563480742,0.009434566,Consumer5B2,201604
FICOV8_1WOE,-0.62291971,"907,800",19,130,9.272467903,0.000991211,Consumer5B2,201604
FICOV8_1WOE,-0.62291971,"907,800",19,108,7.703281027,0.000551692,Consumer5B2,201604
FICOV8_1WOE,-0.62291971,"907,800",19,194,13.83737518,0.000386532,Consumer5B2,201604
FICOV8_1WOE,-0.62291971,"907,800",19,424,30.2425107,0.00084809,Consumer5B2,201604
MNTHS_SINCE_PYMTWOE,-0.62291971,"907,800",19,143,10.19971469,0.00479436,Consumer5B2,201604
MNTHS_SINCE_PYMTWOE,-0.62291971,"907,800",19,108,7.703281027,0.00148458,Consumer5B2,201604
MNTHS_SINCE_PYMTWOE,-0.62291971,"907,800",19,185,13.19543509,0.00290002,Consumer5B2,201604
MNTHS_SINCE_PYMTWOE,-0.62291971,"907,800",19,2,0.142653352,0.002327021,Consumer5B2,201604
MNTHS_SINCE_PYMTWOE,-0.62291971,"907,800",19,247,17.61768902,0.009022118,Consumer5B2,201604
MNTHS_SINCE_PYMTWOE,-0.62291971,"907,800",19,194,13.83737518,0.00557169,Consumer5B2,201604
MNTHS_SINCE_PYMTWOE,-0.62291971,"907,800",19,523,37.30385164,0.005359614,Consumer5B2,201604
DIF_LAST_DUE_VS_PYMTWOE,-0.62291971,"907,800",19,229,17.30914588,0.014718511,Consumer5B2,201605
DIF_LAST_DUE_VS_PYMTWOE,-0.62291971,"907,800",19,145,10.95993953,0.00044049,Consumer5B2,201605
DIF_LAST_DUE_VS_PYMTWOE,-0.62291971,"907,800",19,139,10.50642479,2.99E-05,Consumer5B2,201605
DIF_LAST_DUE_VS_PYMTWOE,-0.62291971,"907,800",19,121,9.145880575,0.002142936,Consumer5B2,201605
DIF_LAST_DUE_VS_PYMTWOE,-0.62291971,"907,800",19,104,7.860922147,0.008015409,Consumer5B2,201605
DIF_LAST_DUE_VS_PYMTWOE,-0.62291971,"907,800",19,204,15.41950113,0.009017952,Consumer5B2,201605
DIF_LAST_DUE_VS_PYMTWOE,-0.62291971,"907,800",19,110,8.314436886,0.000577076,Consumer5B2,201605
DIF_LAST_DUE_VS_PYMTWOE,-0.62291971,"907,800",19,154,11.64021164,0.003064028,Consumer5B2,201605
DIF_LAST_DUE_VS_PYMTWOE,-0.62291971,"907,800",19,117,8.843537415,0.002686157,Consumer5B2,201605
DPDWOE,-0.62291971,"907,800",19,103,7.785336357,8.59E-05,Consumer5B2,201605
DPDWOE,-0.62291971,"907,800",19,61,4.610733182,0.004003036,Consumer5B2,201605
DPDWOE,-0.62291971,"907,800",19,202,15.26832955,0.009408416,Consumer5B2,201605
DPDWOE,-0.62291971,"907,800",19,146,11.03552532,0.000772703,Consumer5B2,201605
DPDWOE,-0.62291971,"907,800",19,268,20.25699169,0.000221537,Consumer5B2,201605
DPDWOE,-0.62291971,"907,800",19,145,10.95993953,0.000300089,Consumer5B2,201605
DPDWOE,-0.62291971,"907,800",19,140,10.58201058,0.000256336,Consumer5B2,201605
DPDWOE,-0.62291971,"907,800",19,169,12.77399849,0.002654407,Consumer5B2,201605
DPDWOE,-0.62291971,"907,800",19,89,6.727135299,0.00484131,Consumer5B2,201605
FICOV8_1WOE,-0.62291971,"907,800",19,46,3.476946334,0.01067669,Consumer5B2,201605
FICOV8_1WOE,-0.62291971,"907,800",19,58,4.383975813,0.042159139,Consumer5B2,201605
FICOV8_1WOE,-0.62291971,"907,800",19,69,5.215419501,0.003979158,Consumer5B2,201605
FICOV8_1WOE,-0.62291971,"907,800",19,65,4.913076342,9.34E-05,Consumer5B2,201605
FICOV8_1WOE,-0.62291971,"907,800",19,153,11.56462585,0.002265587,Consumer5B2,201605
FICOV8_1WOE,-0.62291971,"907,800",19,96,7.256235828,0.000899212,Consumer5B2,201605
FICOV8_1WOE,-0.62291971,"907,800",19,93,7.029478458,0.002235949,Consumer5B2,201605
FICOV8_1WOE,-0.62291971,"907,800",19,102,7.709750567,0.000540797,Consumer5B2,201605
FICOV8_1WOE,-0.62291971,"907,800",19,185,13.98337113,0.000247926,Consumer5B2,201605
FICOV8_1WOE,-0.62291971,"907,800",19,456,34.46712018,0.01070563,Consumer5B2,201605
MNTHS_SINCE_PYMTWOE,-0.62291971,"907,800",19,148,11.1866969,0.001522988,Consumer5B2,201605
MNTHS_SINCE_PYMTWOE,-0.62291971,"907,800",19,128,9.674981104,0.000810912,Consumer5B2,201605
MNTHS_SINCE_PYMTWOE,-0.62291971,"907,800",19,163,12.32048375,0.00086091,Consumer5B2,201605
MNTHS_SINCE_PYMTWOE,-0.62291971,"907,800",19,2,0.15117158,0.002110767,Consumer5B2,201605
MNTHS_SINCE_PYMTWOE,-0.62291971,"907,800",19,235,17.76266062,0.009690001,Consumer5B2,201605
MNTHS_SINCE_PYMTWOE,-0.62291971,"907,800",19,158,11.9425548,0.000475134,Consumer5B2,201605
MNTHS_SINCE_PYMTWOE,-0.62291971,"907,800",19,489,36.96145125,0.006214325,Consumer5B2,201605
DIF_LAST_DUE_VS_PYMTWOE,-0.62291971,"907,800",19,223,17.79728651,0.017691265,Consumer5B2,201606
DIF_LAST_DUE_VS_PYMTWOE,-0.62291971,"907,800",19,114,9.098164405,0.00143426,Consumer5B2,201606
DIF_LAST_DUE_VS_PYMTWOE,-0.62291971,"907,800",19,128,10.21548284,1.28E-05,Consumer5B2,201606
DIF_LAST_DUE_VS_PYMTWOE,-0.62291971,"907,800",19,115,9.177972865,0.002045833,Consumer5B2,201606
DIF_LAST_DUE_VS_PYMTWOE,-0.62291971,"907,800",19,96,7.661612131,0.009351983,Consumer5B2,201606
DIF_LAST_DUE_VS_PYMTWOE,-0.62291971,"907,800",19,184,14.68475658,0.012982764,Consumer5B2,201606
DIF_LAST_DUE_VS_PYMTWOE,-0.62291971,"907,800",19,111,8.858739026,2.96E-05,Consumer5B2,201606
DIF_LAST_DUE_VS_PYMTWOE,-0.62291971,"907,800",19,157,12.52992817,0.006558494,Consumer5B2,201606
DIF_LAST_DUE_VS_PYMTWOE,-0.62291971,"907,800",19,125,9.976057462,0.00789097,Consumer5B2,201606
DPDWOE,-0.62291971,"907,800",19,80,6.384676776,0.003842281,Consumer5B2,201606
DPDWOE,-0.62291971,"907,800",19,91,7.262569832,0.002146137,Consumer5B2,201606
DPDWOE,-0.62291971,"907,800",19,153,12.21069433,0.000204729,Consumer5B2,201606
DPDWOE,-0.62291971,"907,800",19,145,11.57222666,0.000139983,Consumer5B2,201606
DPDWOE,-0.62291971,"907,800",19,257,20.51077414,8.58E-05,Consumer5B2,201606
DPDWOE,-0.62291971,"907,800",19,141,11.25299282,7.27E-05,Consumer5B2,201606
DPDWOE,-0.62291971,"907,800",19,127,10.13567438,4.59E-06,Consumer5B2,201606
DPDWOE,-0.62291971,"907,800",19,164,13.08858739,0.003633238,Consumer5B2,201606
DPDWOE,-0.62291971,"907,800",19,95,7.581803671,0.001411764,Consumer5B2,201606
FICOV8_1WOE,-0.62291971,"907,800",19,45,3.591380686,0.009446852,Consumer5B2,201606
FICOV8_1WOE,-0.62291971,"907,800",19,52,4.150039904,0.037453318,Consumer5B2,201606
FICOV8_1WOE,-0.62291971,"907,800",19,79,6.304868316,0.000309531,Consumer5B2,201606
FICOV8_1WOE,-0.62291971,"907,800",19,50,3.990422985,0.002861158,Consumer5B2,201606
FICOV8_1WOE,-0.62291971,"907,800",19,134,10.6943336,0.005434091,Consumer5B2,201606
FICOV8_1WOE,-0.62291971,"907,800",19,85,6.783719074,0.002288199,Consumer5B2,201606
FICOV8_1WOE,-0.62291971,"907,800",19,92,7.342378292,0.001267664,Consumer5B2,201606
FICOV8_1WOE,-0.62291971,"907,800",19,85,6.783719074,0.003328962,Consumer5B2,201606
FICOV8_1WOE,-0.62291971,"907,800",19,170,13.56743815,0.000726502,Consumer5B2,201606
FICOV8_1WOE,-0.62291971,"907,800",19,461,36.79169992,0.020298539,Consumer5B2,201606
MNTHS_SINCE_PYMTWOE,-0.62291971,"907,800",19,137,10.93375898,0.00217482,Consumer5B2,201606
MNTHS_SINCE_PYMTWOE,-0.62291971,"907,800",19,112,8.938547486,1.87E-05,Consumer5B2,201606
MNTHS_SINCE_PYMTWOE,-0.62291971,"907,800",19,154,12.29050279,0.000811476,Consumer5B2,201606
MNTHS_SINCE_PYMTWOE,-0.62291971,"907,800",19,9,0.718276137,0.002152216,Consumer5B2,201606
MNTHS_SINCE_PYMTWOE,-0.62291971,"907,800",19,205,16.36073424,0.004153269,Consumer5B2,201606
MNTHS_SINCE_PYMTWOE,-0.62291971,"907,800",19,128,10.21548284,0.000907979,Consumer5B2,201606
MNTHS_SINCE_PYMTWOE,-0.62291971,"907,800",19,508,40.54269753,0.00045258,Consumer5B2,201606
C_FICOWOE,-0.62291971,"907,800",19,633,8.011644096,0.006916516,Consumer6,201604
C_FICOWOE,-0.62291971,"907,800",19,2393,30.2873054,0.001994653,Consumer6,201604
C_FICOWOE,-0.62291971,"907,800",19,1903,24.08555879,0.001954258,Consumer6,201604
C_FICOWOE,-0.62291971,"907,800",19,2972,37.61549171,0.001446421,Consumer6,201604
DIF_LAST_DUE_VS_PYMTWOE,-0.62291971,"907,800",19,1784,22.57942033,0.00237208,Consumer6,201604
DIF_LAST_DUE_VS_PYMTWOE,-0.62291971,"907,800",19,570,7.214276674,0.000206977,Consumer6,201604
DIF_LAST_DUE_VS_PYMTWOE,-0.62291971,"907,800",19,865,10.94798127,0.003451886,Consumer6,201604
DIF_LAST_DUE_VS_PYMTWOE,-0.62291971,"907,800",19,1029,13.02366789,0.007080605,Consumer6,201604
DIF_LAST_DUE_VS_PYMTWOE,-0.62291971,"907,800",19,3329,42.1339071,0.003854495,Consumer6,201604
DIF_LAST_DUE_VS_PYMTWOE,-0.62291971,"907,800",19,324,4.100746741,0.000703789,Consumer6,201604
DPDWOE,-0.62291971,"907,800",19,1360,17.21301101,0.000131335,Consumer6,201604
DPDWOE,-0.62291971,"907,800",19,1642,20.78217947,0.002000764,Consumer6,201604
DPDWOE,-0.62291971,"907,800",19,2199,27.83192001,0.000081317,Consumer6,201604
DPDWOE,-0.62291971,"907,800",19,2700,34.17288951,0.001118905,Consumer6,201604
MNTHS_SINCE_PYMTWOE,-0.62291971,"907,800",19,2397,30.33793191,0.001568051,Consumer6,201604
MNTHS_SINCE_PYMTWOE,-0.62291971,"907,800",19,1669,21.12390837,0.005756064,Consumer6,201604
MNTHS_SINCE_PYMTWOE,-0.62291971,"907,800",19,1616,20.4531072,0.005297353,Consumer6,201604
MNTHS_SINCE_PYMTWOE,-0.62291971,"907,800",19,418,5.290469561,0.002415898,Consumer6,201604
MNTHS_SINCE_PYMTWOE,-0.62291971,"907,800",19,516,6.530818884,0.000386406,Consumer6,201604
MNTHS_SINCE_PYMTWOE,-0.62291971,"907,800",19,1285,16.26376408,0.024661566,Consumer6,201604
C_FICOWOE,-0.62291971,"907,800",19,535,7.007203667,0.00215484,Consumer6,201605
C_FICOWOE,-0.62291971,"907,800",19,2123,27.80615586,1.93E-06,Consumer6,201605
C_FICOWOE,-0.62291971,"907,800",19,1757,23.0124427,0.004399781,Consumer6,201605
C_FICOWOE,-0.62291971,"907,800",19,3220,42.17419777,0.0011679,Consumer6,201605
DIF_LAST_DUE_VS_PYMTWOE,-0.62291971,"907,800",19,1760,23.05173543,0.003433534,Consumer6,201605
DIF_LAST_DUE_VS_PYMTWOE,-0.62291971,"907,800",19,556,7.282252783,0.000140698,Consumer6,201605
DIF_LAST_DUE_VS_PYMTWOE,-0.62291971,"907,800",19,870,11.39489195,0.002058556,Consumer6,201605
DIF_LAST_DUE_VS_PYMTWOE,-0.62291971,"907,800",19,1044,13.67387033,0.004399217,Consumer6,201605
DIF_LAST_DUE_VS_PYMTWOE,-0.62291971,"907,800",19,3131,41.00851343,0.00199146,Consumer6,201605
DIF_LAST_DUE_VS_PYMTWOE,-0.62291971,"907,800",19,274,3.588736084,0.002776079,Consumer6,201605
DPDWOE,-0.62291971,"907,800",19,1412,18.49377865,0.001745645,Consumer6,201605
DPDWOE,-0.62291971,"907,800",19,1521,19.92141454,0.000657657,Consumer6,201605
DPDWOE,-0.62291971,"907,800",19,2147,28.12049771,1.27E-05,Consumer6,201605
DPDWOE,-0.62291971,"907,800",19,2555,33.4643091,0.002082694,Consumer6,201605
MNTHS_SINCE_PYMTWOE,-0.62291971,"907,800",19,2480,32.48199083,0.006064442,Consumer6,201605
MNTHS_SINCE_PYMTWOE,-0.62291971,"907,800",19,1598,20.92992796,0.005131547,Consumer6,201605
MNTHS_SINCE_PYMTWOE,-0.62291971,"907,800",19,1323,17.3280943,6.40E-07,Consumer6,201605
MNTHS_SINCE_PYMTWOE,-0.62291971,"907,800",19,491,6.430910282,3.87E-06,Consumer6,201605
MNTHS_SINCE_PYMTWOE,-0.62291971,"907,800",19,482,6.313032089,0.000798285,Consumer6,201605
MNTHS_SINCE_PYMTWOE,-0.62291971,"907,800",19,1261,16.51604453,0.02273566,Consumer6,201605
C_FICOWOE,-0.62291971,"907,800",19,454,6.350538537,0.000440522,Consumer6,201606
C_FICOWOE,-0.62291971,"907,800",19,1967,27.51433767,4.81E-05,Consumer6,201606
C_FICOWOE,-0.62291971,"907,800",19,1626,22.74443978,0.005174995,Consumer6,201606
C_FICOWOE,-0.62291971,"907,800",19,3102,43.39068401,0.00278531,Consumer6,201606
DIF_LAST_DUE_VS_PYMTWOE,-0.62291971,"907,800",19,1633,22.84235557,0.002940186,Consumer6,201606
DIF_LAST_DUE_VS_PYMTWOE,-0.62291971,"907,800",19,528,7.385648342,6.47E-05,Consumer6,201606
DIF_LAST_DUE_VS_PYMTWOE,-0.62291971,"907,800",19,815,11.40019583,0.002044317,Consumer6,201606
DIF_LAST_DUE_VS_PYMTWOE,-0.62291971,"907,800",19,949,13.27458386,0.00596242,Consumer6,201606
DIF_LAST_DUE_VS_PYMTWOE,-0.62291971,"907,800",19,2960,41.40439222,0.002580027,Consumer6,201606
DIF_LAST_DUE_VS_PYMTWOE,-0.62291971,"907,800",19,264,3.692824171,0.002229965,Consumer6,201606
DPDWOE,-0.62291971,"907,800",19,1312,18.35221709,0.001480855,Consumer6,201606
DPDWOE,-0.62291971,"907,800",19,1467,20.5203525,0.001518406,Consumer6,201606
DPDWOE,-0.62291971,"907,800",19,1890,26.43726395,0.001281285,Consumer6,201606
DPDWOE,-0.62291971,"907,800",19,2480,34.69016646,0.000606827,Consumer6,201606
MNTHS_SINCE_PYMTWOE,-0.62291971,"907,800",19,2348,32.84375437,0.007091095,Consumer6,201606
MNTHS_SINCE_PYMTWOE,-0.62291971,"907,800",19,1321,18.47810883,0.00026745,Consumer6,201606
MNTHS_SINCE_PYMTWOE,-0.62291971,"907,800",19,1391,19.45726675,0.002547675,Consumer6,201606
MNTHS_SINCE_PYMTWOE,-0.62291971,"907,800",19,373,5.217512939,0.002739394,Consumer6,201606
MNTHS_SINCE_PYMTWOE,-0.62291971,"907,800",19,392,5.483284375,0.003903478,Consumer6,201606
MNTHS_SINCE_PYMTWOE,-0.62291971,"907,800",19,1324,18.52007274,0.010558871,Consumer6,201606
FICOWOE,-0.62291971,"907,800",19,241,0.138088308,8.47E-06,Business1,201604
FICOWOE,-0.62291971,"907,800",19,1022,0.585586102,1.93E-07,Business1,201604
FICOWOE,-0.62291971,"907,800",19,4040,2.314841342,0.002384619,Business1,201604
FICOWOE,-0.62291971,"907,800",19,15870,9.093201013,0.014180965,Business1,201604
FICOWOE,-0.62291971,"907,800",19,120792,69.21146419,0.012349914,Business1,201604
FICOWOE,-0.62291971,"907,800",19,32561,18.65681904,0.02018453,Business1,201604
LAST_ST_SALESWOE,-0.62291971,"907,800",19,30140,17.26963318,0.002501752,Business1,201604
LAST_ST_SALESWOE,-0.62291971,"907,800",19,144386,82.73036682,0.000561263,Business1,201604
OMRHPRN2WOE,-0.62291971,"907,800",19,28303,16.21706794,0.002021249,Business1,201604
OMRHPRN2WOE,-0.62291971,"907,800",19,146223,83.78293206,0.000417932,Business1,201604
PYMT_OVER_BALWOE,-0.62291971,"907,800",19,17367,9.950952867,0.000832548,Business1,201604
PYMT_OVER_BALWOE,-0.62291971,"907,800",19,9647,5.527543174,0.002091063,Business1,201604
PYMT_OVER_BALWOE,-0.62291971,"907,800",19,9371,5.369400548,0.000733041,Business1,201604
PYMT_OVER_BALWOE,-0.62291971,"907,800",19,53386,30.58913858,0.000698543,Business1,201604
PYMT_OVER_BALWOE,-0.62291971,"907,800",19,84755,48.56296483,0.000330822,Business1,201604
UTILIZATIONWOE,-0.62291971,"907,800",19,11783,6.751429586,0.00105086,Business1,201604
UTILIZATIONWOE,-0.62291971,"907,800",19,22797,13.06223715,0.0002303,Business1,201604
UTILIZATIONWOE,-0.62291971,"907,800",19,139946,80.18633327,0.000254674,Business1,201604
FICOWOE,-0.62291971,"907,800",19,224,0.126788625,3.85E-08,Business1,201605
FICOWOE,-0.62291971,"907,800",19,1041,0.589227495,8.37E-07,Business1,201605
FICOWOE,-0.62291971,"907,800",19,4199,2.376720703,0.00279719,Business1,201605
FICOWOE,-0.62291971,"907,800",19,16345,9.251607499,0.015461592,Business1,201605
FICOWOE,-0.62291971,"907,800",19,121559,68.804904,0.013462271,Business1,201605
FICOWOE,-0.62291971,"907,800",19,33304,18.85075168,0.021482168,Business1,201605
LAST_ST_SALESWOE,-0.62291971,"907,800",19,30728,17.39268249,0.002214697,Business1,201605
LAST_ST_SALESWOE,-0.62291971,"907,800",19,145944,82.60731752,0.000498969,Business1,201605
OMRHPRN2WOE,-0.62291971,"907,800",19,28878,16.34554429,0.001744995,Business1,201605
OMRHPRN2WOE,-0.62291971,"907,800",19,147794,83.65445572,0.000362492,Business1,201605
PYMT_OVER_BALWOE,-0.62291971,"907,800",19,18493,10.46741985,0.000160947,Business1,201605
PYMT_OVER_BALWOE,-0.62291971,"907,800",19,10218,5.783598986,0.001221585,Business1,201605
PYMT_OVER_BALWOE,-0.62291971,"907,800",19,9851,5.575869408,0.000332914,Business1,201605
PYMT_OVER_BALWOE,-0.62291971,"907,800",19,52322,29.61533237,7.53E-05,Business1,201605
PYMT_OVER_BALWOE,-0.62291971,"907,800",19,85788,48.55777939,0.000328121,Business1,201605
UTILIZATIONWOE,-0.62291971,"907,800",19,12003,6.793945843,0.000947564,Business1,201605
UTILIZATIONWOE,-0.62291971,"907,800",19,22779,12.89338435,0.000394544,Business1,201605
UTILIZATIONWOE,-0.62291971,"907,800",19,141890,80.31266981,0.000301676,Business1,201605
FICOWOE,-0.62291971,"907,800",19,230,0.128249451,4.53E-08,Business1,201606
FICOWOE,-0.62291971,"907,800",19,1031,0.574892103,9.30E-07,Business1,201606
FICOWOE,-0.62291971,"907,800",19,4388,2.446776478,0.003297029,Business1,201606
FICOWOE,-0.62291971,"907,800",19,16655,9.286933054,0.015753259,Business1,201606
FICOWOE,-0.62291971,"907,800",19,122599,68.36197571,0.014732791,Business1,201606
FICOWOE,-0.62291971,"907,800",19,34435,19.2011732,0.023912147,Business1,201606
LAST_ST_SALESWOE,-0.62291971,"907,800",19,29969,16.71090343,0.004042514,Business1,201606
LAST_ST_SALESWOE,-0.62291971,"907,800",19,149369,83.28909657,0.00088945,Business1,201606
OMRHPRN2WOE,-0.62291971,"907,800",19,28841,16.08192352,0.002335074,Business1,201606
OMRHPRN2WOE,-0.62291971,"907,800",19,150497,83.91807648,0.000480454,Business1,201606
PYMT_OVER_BALWOE,-0.62291971,"907,800",19,18369,10.24267027,0.000386966,Business1,201606
PYMT_OVER_BALWOE,-0.62291971,"907,800",19,9969,5.558777281,0.001971368,Business1,201606
PYMT_OVER_BALWOE,-0.62291971,"907,800",19,10431,5.816391395,6.67E-05,Business1,201606
PYMT_OVER_BALWOE,-0.62291971,"907,800",19,54476,30.37616122,0.000509505,Business1,201606
PYMT_OVER_BALWOE,-0.62291971,"907,800",19,86093,48.00599984,0.00010349,Business1,201606
UTILIZATIONWOE,-0.62291971,"907,800",19,12012,6.697966967,0.001188846,Business1,201606
UTILIZATIONWOE,-0.62291971,"907,800",19,23950,13.35467107,5.08E-05,Business1,201606
UTILIZATIONWOE,-0.62291971,"907,800",19,143376,79.94736197,0.000176566,Business1,201606
ACCOUNT_STATUSWOE,-0.62291971,"907,800",19,2866,33.08704687,0.004440667,Business2,201604
ACCOUNT_STATUSWOE,-0.62291971,"907,800",19,5796,66.91295313,0.002395526,Business2,201604
ACCRUED_INTERESTWOE,-0.62291971,"907,800",19,1114,12.86077118,0.008753834,Business2,201604
ACCRUED_INTERESTWOE,-0.62291971,"907,800",19,5436,62.75686908,0.001782035,Business2,201604
ACCRUED_INTERESTWOE,-0.62291971,"907,800",19,2112,24.38235973,2.67E-05,Business2,201604
DIF_LAST_DUE_VS_PYMTWOE,-0.62291971,"907,800",19,320,3.694296929,0.000936347,Business2,201604
DIF_LAST_DUE_VS_PYMTWOE,-0.62291971,"907,800",19,3251,37.53174786,6.31E-05,Business2,201604
DIF_LAST_DUE_VS_PYMTWOE,-0.62291971,"907,800",19,5091,58.77395521,0.000185787,Business2,201604
FICOWOE,-0.62291971,"907,800",19,7,0.080812745,0.000260418,Business2,201604
FICOWOE,-0.62291971,"907,800",19,107,1.235280536,1.41E-05,Business2,201604
FICOWOE,-0.62291971,"907,800",19,383,4.421611637,0.000419784,Business2,201604
FICOWOE,-0.62291971,"907,800",19,5128,59.20110829,0.022611224,Business2,201604
FICOWOE,-0.62291971,"907,800",19,772,8.912491342,0.006476046,Business2,201604
FICOWOE,-0.62291971,"907,800",19,1317,15.2043408,0.029368708,Business2,201604
FICOWOE,-0.62291971,"907,800",19,588,6.788270607,0.015522714,Business2,201604
FICOWOE,-0.62291971,"907,800",19,360,4.156084045,0.007325394,Business2,201604
PSBALWOE,-0.62291971,"907,800",19,3732,43.08473794,0.000996917,Business2,201604
PSBALWOE,-0.62291971,"907,800",19,3874,44.7240822,0.000428894,Business2,201604
PSBALWOE,-0.62291971,"907,800",19,1056,12.19117987,0.000339505,Business2,201604
UTILIZATIONWOE,-0.62291971,"907,800",19,2321,26.79519741,0.002271728,Business2,201604
UTILIZATIONWOE,-0.62291971,"907,800",19,5980,69.03717386,0.001418763,Business2,201604
UTILIZATIONWOE,-0.62291971,"907,800",19,361,4.167628723,0.001508363,Business2,201604
pymt_over_balWOE,-0.62291971,"907,800",19,3487,40.25629185,0.000144294,Business2,201604
pymt_over_balWOE,-0.62291971,"907,800",19,3025,34.92265066,8.37E-05,Business2,201604
pymt_over_balWOE,-0.62291971,"907,800",19,1336,15.42368968,2.41E-06,Business2,201604
pymt_over_balWOE,-0.62291971,"907,800",19,640,7.388593858,3.59E-05,Business2,201604
pymt_over_balWOE,-0.62291971,"907,800",19,174,2.008773955,0.000592475,Business2,201604
ACCOUNT_STATUSWOE,-0.62291971,"907,800",19,2856,33.89508664,0.002774225,Business2,201605
ACCOUNT_STATUSWOE,-0.62291971,"907,800",19,5570,66.10491336,0.001523731,Business2,201605
ACCRUED_INTERESTWOE,-0.62291971,"907,800",19,1023,12.14099217,0.005352915,Business2,201605
ACCRUED_INTERESTWOE,-0.62291971,"907,800",19,5280,62.66318538,0.001883325,Business2,201605
ACCRUED_INTERESTWOE,-0.62291971,"907,800",19,2123,25.19582245,0.00046257,Business2,201605
DIF_LAST_DUE_VS_PYMTWOE,-0.62291971,"907,800",19,296,3.51293615,0.000442658,Business2,201605
DIF_LAST_DUE_VS_PYMTWOE,-0.62291971,"907,800",19,2970,35.24804178,0.000895206,Business2,201605
DIF_LAST_DUE_VS_PYMTWOE,-0.62291971,"907,800",19,5160,61.23902208,0.000331008,Business2,201605
FICOWOE,-0.62291971,"907,800",19,7,0.083076193,0.00023533,Business2,201605
FICOWOE,-0.62291971,"907,800",19,106,1.258010919,3.36E-05,Business2,201605
FICOWOE,-0.62291971,"907,800",19,388,4.604794683,0.000140753,Business2,201605
FICOWOE,-0.62291971,"907,800",19,4912,58.29575125,0.02630777,Business2,201605
FICOWOE,-0.62291971,"907,800",19,721,8.556847852,0.004680436,Business2,201605
FICOWOE,-0.62291971,"907,800",19,1354,16.06930928,0.037411376,Business2,201605
FICOWOE,-0.62291971,"907,800",19,578,6.859719915,0.01621774,Business2,201605
FICOWOE,-0.62291971,"907,800",19,360,4.272489912,0.008335198,Business2,201605
PSBALWOE,-0.62291971,"907,800",19,3594,42.65369096,0.000624508,Business2,201605
PSBALWOE,-0.62291971,"907,800",19,3733,44.30334678,0.000729872,Business2,201605
PSBALWOE,-0.62291971,"907,800",19,1099,13.04296226,3.09E-05,Business2,201605
UTILIZATIONWOE,-0.62291971,"907,800",19,2038,24.18704011,1.61E-05,Business2,201605
UTILIZATIONWOE,-0.62291971,"907,800",19,6030,71.56420603,5.66E-05,Business2,201605
UTILIZATIONWOE,-0.62291971,"907,800",19,358,4.248753857,0.001831633,Business2,201605
pymt_over_balWOE,-0.62291971,"907,800",19,3367,39.95964871,0.000278768,Business2,201605
pymt_over_balWOE,-0.62291971,"907,800",19,2926,34.72584856,3.38E-05,Business2,201605
pymt_over_balWOE,-0.62291971,"907,800",19,1381,16.38974602,0.00066445,Business2,201605
pymt_over_balWOE,-0.62291971,"907,800",19,589,6.990268217,0.000434778,Business2,201605
pymt_over_balWOE,-0.62291971,"907,800",19,163,1.934488488,0.000362749,Business2,201605
ACCOUNT_STATUSWOE,-0.62291971,"907,800",19,2877,34.22962522,0.002203137,Business2,201606
ACCOUNT_STATUSWOE,-0.62291971,"907,800",19,5528,65.77037478,0.001219049,Business2,201606
ACCRUED_INTERESTWOE,-0.62291971,"907,800",19,1015,12.07614515,0.005083314,Business2,201606
ACCRUED_INTERESTWOE,-0.62291971,"907,800",19,5262,62.60559191,0.001947023,Business2,201606
ACCRUED_INTERESTWOE,-0.62291971,"907,800",19,2128,25.31826294,0.000573311,Business2,201606
DIF_LAST_DUE_VS_PYMTWOE,-0.62291971,"907,800",19,270,3.212373587,2.15E-05,Business2,201606
DIF_LAST_DUE_VS_PYMTWOE,-0.62291971,"907,800",19,3039,36.15704938,0.000216264,Business2,201606
DIF_LAST_DUE_VS_PYMTWOE,-0.62291971,"907,800",19,5096,60.63057704,0.000108139,Business2,201606
FICOWOE,-0.62291971,"907,800",19,10,0.1189768,1.57E-05,Business2,201606
FICOWOE,-0.62291971,"907,800",19,112,1.332540155,0.000152435,Business2,201606
FICOWOE,-0.62291971,"907,800",19,363,4.318857823,0.000645452,Business2,201606
FICOWOE,-0.62291971,"907,800",19,4954,58.94110648,0.023641236,Business2,201606
FICOWOE,-0.62291971,"907,800",19,780,9.280190363,0.008593433,Business2,201606
FICOWOE,-0.62291971,"907,800",19,1279,15.21713266,0.029482027,Business2,201606
FICOWOE,-0.62291971,"907,800",19,557,6.627007734,0.013997967,Business2,201606
FICOWOE,-0.62291971,"907,800",19,350,4.164187983,0.007394002,Business2,201606
PSBALWOE,-0.62291971,"907,800",19,3566,42.42712671,0.000462953,Business2,201606
PSBALWOE,-0.62291971,"907,800",19,3687,43.86674599,0.001128438,Business2,201606
PSBALWOE,-0.62291971,"907,800",19,1152,13.70612731,0.000561418,Business2,201606
UTILIZATIONWOE,-0.62291971,"907,800",19,2086,24.81856038,7.64E-05,Business2,201606
UTILIZATIONWOE,-0.62291971,"907,800",19,5930,70.55324212,0.000380971,Business2,201606
UTILIZATIONWOE,-0.62291971,"907,800",19,389,4.628197502,0.003702689,Business2,201606
pymt_over_balWOE,-0.62291971,"907,800",19,3255,38.72694825,0.001321379,Business2,201606
pymt_over_balWOE,-0.62291971,"907,800",19,3022,35.95478882,0.000701674,Business2,201606
pymt_over_balWOE,-0.62291971,"907,800",19,1319,15.69303986,7.02E-05,Business2,201606
pymt_over_balWOE,-0.62291971,"907,800",19,625,7.43604997,1.81E-05,Business2,201606
pymt_over_balWOE,-0.62291971,"907,800",19,184,2.189173111,0.001355292,Business2,201606
C_FICOWOE,-0.62291971,"907,800",19,12,0.609137056,0.000406084,Business3,201604
C_FICOWOE,-0.62291971,"907,800",19,79,4.010152284,0.000921315,Business3,201604
C_FICOWOE,-0.62291971,"907,800",19,67,3.401015228,0.000950783,Business3,201604
C_FICOWOE,-0.62291971,"907,800",19,5,0.253807107,9.77E-05,Business3,201604
C_FICOWOE,-0.62291971,"907,800",19,1551,78.73096447,0.002264331,Business3,201604
C_FICOWOE,-0.62291971,"907,800",19,256,12.99492386,0.016140303,Business3,201604
DPDWOE,-0.62291971,"907,800",19,116,5.888324873,0.002025095,Business3,201604
DPDWOE,-0.62291971,"907,800",19,1154,58.5786802,0.010190541,Business3,201604
DPDWOE,-0.62291971,"907,800",19,700,35.53299492,0.018275663,Business3,201604
LAST_PYMTWOE,-0.62291971,"907,800",19,709,35.98984772,0.000567044,Business3,201604
LAST_PYMTWOE,-0.62291971,"907,800",19,745,37.81725888,0.003302605,Business3,201604
LAST_PYMTWOE,-0.62291971,"907,800",19,516,26.1928934,0.001933551,Business3,201604
PSBALWOE,-0.62291971,"907,800",19,320,16.24365482,0.005062768,Business3,201604
PSBALWOE,-0.62291971,"907,800",19,953,48.37563452,0.000174664,Business3,201604
PSBALWOE,-0.62291971,"907,800",19,697,35.38071066,0.001258402,Business3,201604
PSSALEWOE,-0.62291971,"907,800",19,890,45.17766498,0.011213129,Business3,201604
PSSALEWOE,-0.62291971,"907,800",19,1080,54.82233503,0.010718149,Business3,201604
UTILIZATIONWOE,-0.62291971,"907,800",19,590,29.94923858,0.019265316,Business3,201604
UTILIZATIONWOE,-0.62291971,"907,800",19,530,26.9035533,0.001989572,Business3,201604
UTILIZATIONWOE,-0.62291971,"907,800",19,850,43.14720812,0.008399329,Business3,201604
C_FICOWOE,-0.62291971,"907,800",19,5,0.233426704,0.001561886,Business3,201605
C_FICOWOE,-0.62291971,"907,800",19,75,3.50140056,0.003210344,Business3,201605
C_FICOWOE,-0.62291971,"907,800",19,87,4.06162465,0.004243417,Business3,201605
C_FICOWOE,-0.62291971,"907,800",19,7,0.326797386,0.000552426,Business3,201605
C_FICOWOE,-0.62291971,"907,800",19,1642,76.6573296,0.005057241,Business3,201605
C_FICOWOE,-0.62291971,"907,800",19,326,15.2194211,0.034854374,Business3,201605
DPDWOE,-0.62291971,"907,800",19,101,4.715219421,0.000036518,Business3,201605
DPDWOE,-0.62291971,"907,800",19,1238,57.79645191,0.008224364,Business3,201605
DPDWOE,-0.62291971,"907,800",19,803,37.48832867,0.010565238,Business3,201605
LAST_PYMTWOE,-0.62291971,"907,800",19,709,33.09990663,0.000643568,Business3,201605
LAST_PYMTWOE,-0.62291971,"907,800",19,827,38.60877684,0.00199462,Business3,201605
LAST_PYMTWOE,-0.62291971,"907,800",19,606,28.29131653,0.007090354,Business3,201605
PSBALWOE,-0.62291971,"907,800",19,395,18.44070962,0.000336638,Business3,201605
PSBALWOE,-0.62291971,"907,800",19,964,45.00466853,0.001305129,Business3,201605
PSBALWOE,-0.62291971,"907,800",19,783,36.55462185,0.003030747,Business3,201605
PSSALEWOE,-0.62291971,"907,800",19,940,43.88422036,0.015698239,Business3,201605
PSSALEWOE,-0.62291971,"907,800",19,1202,56.11577965,0.014618909,Business3,201605
UTILIZATIONWOE,-0.62291971,"907,800",19,687,32.07282913,0.010121971,Business3,201605
UTILIZATIONWOE,-0.62291971,"907,800",19,518,24.18300654,8.55E-05,Business3,201605
UTILIZATIONWOE,-0.62291971,"907,800",19,937,43.74416433,0.010142691,Business3,201605
C_FICOWOE,-0.62291971,"907,800",19,11,0.567888487,0.000217986,Business3,201606
C_FICOWOE,-0.62291971,"907,800",19,64,3.304078472,0.004541692,Business3,201606
C_FICOWOE,-0.62291971,"907,800",19,78,4.026845638,0.004020312,Business3,201606
C_FICOWOE,-0.62291971,"907,800",19,2,0.103252452,0.000715389,Business3,201606
C_FICOWOE,-0.62291971,"907,800",19,1529,78.93649974,0.002049364,Business3,201606
C_FICOWOE,-0.62291971,"907,800",19,253,13.06143521,0.016614019,Business3,201606
DPDWOE,-0.62291971,"907,800",19,123,6.350025813,0.004057611,Business3,201606
DPDWOE,-0.62291971,"907,800",19,1100,56.78884874,0.005986259,Business3,201606
DPDWOE,-0.62291971,"907,800",19,714,36.86112545,0.012787957,Business3,201606
LAST_PYMTWOE,-0.62291971,"907,800",19,698,36.03510583,0.000603532,Business3,201606
LAST_PYMTWOE,-0.62291971,"907,800",19,735,37.9452762,0.003067808,Business3,201606
LAST_PYMTWOE,-0.62291971,"907,800",19,504,26.01961797,0.001646746,Business3,201606
PSBALWOE,-0.62291971,"907,800",19,331,17.08828085,0.00254502,Business3,201606
PSBALWOE,-0.62291971,"907,800",19,873,45.06969541,0.001236052,Business3,201606
PSBALWOE,-0.62291971,"907,800",19,733,37.84202375,0.005801754,Business3,201606
PSSALEWOE,-0.62291971,"907,800",19,859,44.34692824,0.013999445,Business3,201606
PSSALEWOE,-0.62291971,"907,800",19,1078,55.65307176,0.013159305,Business3,201606
UTILIZATIONWOE,-0.62291971,"907,800",19,600,30.97573567,0.014441021,Business3,201606
UTILIZATIONWOE,-0.62291971,"907,800",19,476,24.57408363,1.76E-06,Business3,201606
UTILIZATIONWOE,-0.62291971,"907,800",19,861,44.45018069,0.012399229,Business3,201606
ACCOUNT_STATUSWOE,-0.62291971,"907,800",19,2,0.184501845,7.44E-05,Business4,201604
ACCOUNT_STATUSWOE,-0.62291971,"907,800",19,278,25.64575646,0.025774224,Business4,201604
ACCOUNT_STATUSWOE,-0.62291971,"907,800",19,804,74.1697417,0.011127109,Business4,201604
C_FICOWOE,-0.62291971,"907,800",19,62,5.719557196,0.003131116,Business4,201604
C_FICOWOE,-0.62291971,"907,800",19,572,52.76752768,0.069224242,Business4,201604
C_FICOWOE,-0.62291971,"907,800",19,28,2.58302583,0.000320461,Business4,201604
C_FICOWOE,-0.62291971,"907,800",19,422,38.9298893,0.131783763,Business4,201604
DIF_LAST_DUE_VS_PYMTWOE,-0.62291971,"907,800",19,528,48.70848709,0.015548626,Business4,201604
DIF_LAST_DUE_VS_PYMTWOE,-0.62291971,"907,800",19,556,51.29151292,0.012480782,Business4,201604
DPDWOE,-0.62291971,"907,800",19,50,4.612546126,0.00018943,Business4,201604
DPDWOE,-0.62291971,"907,800",19,50,4.612546126,0.037509492,Business4,201604
DPDWOE,-0.62291971,"907,800",19,250,23.06273063,0.027082482,Business4,201604
DPDWOE,-0.62291971,"907,800",19,115,10.60885609,0.00206638,Business4,201604
DPDWOE,-0.62291971,"907,800",19,259,23.89298893,0.025935736,Business4,201604
DPDWOE,-0.62291971,"907,800",19,108,9.963099631,0.042711212,Business4,201604
DPDWOE,-0.62291971,"907,800",19,150,13.83763838,0.024197033,Business4,201604
DPDWOE,-0.62291971,"907,800",19,102,9.409594096,0.027298941,Business4,201604
LAST_PYMTWOE,-0.62291971,"907,800",19,401,36.99261993,0.007076336,Business4,201604
LAST_PYMTWOE,-0.62291971,"907,800",19,504,46.49446495,0.000300442,Business4,201604
LAST_PYMTWOE,-0.62291971,"907,800",19,179,16.51291513,0.011811984,Business4,201604
MNTHS_SINCE_PYMTWOE,-0.62291971,"907,800",19,121,11.16236162,9.97E-05,Business4,201604
MNTHS_SINCE_PYMTWOE,-0.62291971,"907,800",19,15,1.383763838,0.005454286,Business4,201604
MNTHS_SINCE_PYMTWOE,-0.62291971,"907,800",19,948,87.45387454,0.000127733,Business4,201604
ORIGINAL_FICO_PRIWOE,-0.62291971,"907,800",19,85,7.841328413,0.008230155,Business4,201604
ORIGINAL_FICO_PRIWOE,-0.62291971,"907,800",19,558,51.47601476,0.095957443,Business4,201604
ORIGINAL_FICO_PRIWOE,-0.62291971,"907,800",19,441,40.68265683,0.059615168,Business4,201604
PSBALWOE,-0.62291971,"907,800",19,480,44.2804428,0.007402512,Business4,201604
PSBALWOE,-0.62291971,"907,800",19,301,27.76752768,4.02E-05,Business4,201604
PSBALWOE,-0.62291971,"907,800",19,303,27.95202952,0.008885437,Business4,201604
UTILIZATIONWOE,-0.62291971,"907,800",19,322,29.70479705,0.000240691,Business4,201604
UTILIZATIONWOE,-0.62291971,"907,800",19,267,24.63099631,0.009483261,Business4,201604
UTILIZATIONWOE,-0.62291971,"907,800",19,495,45.66420664,0.006108717,Business4,201604
chg_bal_2WOE,-0.62291971,"907,800",19,745,68.72693727,0.000850286,Business4,201604
chg_bal_2WOE,-0.62291971,"907,800",19,98,9.040590406,0.006606449,Business4,201604
chg_bal_2WOE,-0.62291971,"907,800",19,144,13.28413284,0.004007571,Business4,201604
chg_bal_2WOE,-0.62291971,"907,800",19,97,8.948339483,0.010838503,Business4,201604
chg_bal_3WOE,-0.62291971,"907,800",19,960,88.56088561,7.80E-06,Business4,201604
chg_bal_3WOE,-0.62291971,"907,800",19,48,4.42804428,0.005408974,Business4,201604
chg_bal_3WOE,-0.62291971,"907,800",19,76,7.011070111,0.003205487,Business4,201604
ACCOUNT_STATUSWOE,-0.62291971,"907,800",19,3,0.281690141,0.000135125,Business4,201605
ACCOUNT_STATUSWOE,-0.62291971,"907,800",19,265,24.88262911,0.030896589,Business4,201605
ACCOUNT_STATUSWOE,-0.62291971,"907,800",19,797,74.83568075,0.012815235,Business4,201605
C_FICOWOE,-0.62291971,"907,800",19,50,4.694835681,0.000120125,Business4,201605
C_FICOWOE,-0.62291971,"907,800",19,586,55.02347418,0.053952006,Business4,201605
C_FICOWOE,-0.62291971,"907,800",19,29,2.723004695,0.000702324,Business4,201605
C_FICOWOE,-0.62291971,"907,800",19,400,37.55868545,0.115989312,Business4,201605
DIF_LAST_DUE_VS_PYMTWOE,-0.62291971,"907,800",19,483,45.35211268,0.005731925,Business4,201605
DIF_LAST_DUE_VS_PYMTWOE,-0.62291971,"907,800",19,582,54.64788732,0.004299951,Business4,201605
DPDWOE,-0.62291971,"907,800",19,,,,Business4,201605
DPDWOE,-0.62291971,"907,800",19,121,11.36150235,0.002707686,Business4,201605
DPDWOE,-0.62291971,"907,800",19,254,23.84976526,0.032721812,Business4,201605
DPDWOE,-0.62291971,"907,800",19,105,9.85915493,0.004749812,Business4,201605
DPDWOE,-0.62291971,"907,800",19,264,24.78873239,0.03214077,Business4,201605
DPDWOE,-0.62291971,"907,800",19,92,8.638497653,0.062870557,Business4,201605
DPDWOE,-0.62291971,"907,800",19,126,11.83098592,0.009849599,Business4,201605
DPDWOE,-0.62291971,"907,800",19,103,9.671361502,0.024551061,Business4,201605
LAST_PYMTWOE,-0.62291971,"907,800",19,423,39.71830986,0.001607114,Business4,201605
LAST_PYMTWOE,-0.62291971,"907,800",19,481,45.16431925,5.36E-06,Business4,201605
LAST_PYMTWOE,-0.62291971,"907,800",19,161,15.11737089,0.00540514,Business4,201605
MNTHS_SINCE_PYMTWOE,-0.62291971,"907,800",19,159,14.92957747,0.013152141,Business4,201605
MNTHS_SINCE_PYMTWOE,-0.62291971,"907,800",19,18,1.690140845,0.009817408,Business4,201605
MNTHS_SINCE_PYMTWOE,-0.62291971,"907,800",19,888,83.38028169,0.003067318,Business4,201605
ORIGINAL_FICO_PRIWOE,-0.62291971,"907,800",19,77,7.230046948,0.012786736,Business4,201605
ORIGINAL_FICO_PRIWOE,-0.62291971,"907,800",19,580,54.4600939,0.123261388,Business4,201605
ORIGINAL_FICO_PRIWOE,-0.62291971,"907,800",19,408,38.30985916,0.079582564,Business4,201605
PSBALWOE,-0.62291971,"907,800",19,482,45.25821596,0.010132574,Business4,201605
PSBALWOE,-0.62291971,"907,800",19,284,26.66666667,0.000753127,Business4,201605
PSBALWOE,-0.62291971,"907,800",19,299,28.07511737,0.008452024,Business4,201605
UTILIZATIONWOE,-0.62291971,"907,800",19,299,28.07511737,0.000219308,Business4,201605
UTILIZATIONWOE,-0.62291971,"907,800",19,257,24.1314554,0.007613141,Business4,201605
UTILIZATIONWOE,-0.62291971,"907,800",19,509,47.79342723,0.002209028,Business4,201605
chg_bal_2WOE,-0.62291971,"907,800",19,759,71.26760563,1.46E-06,Business4,201605
chg_bal_2WOE,-0.62291971,"907,800",19,94,8.82629108,0.007826333,Business4,201605
chg_bal_2WOE,-0.62291971,"907,800",19,129,12.11267606,0.000924371,Business4,201605
chg_bal_2WOE,-0.62291971,"907,800",19,83,7.79342723,0.004102249,Business4,201605
chg_bal_3WOE,-0.62291971,"907,800",19,942,88.45070423,2.63E-06,Business4,201605
chg_bal_3WOE,-0.62291971,"907,800",19,62,5.821596244,0.000138428,Business4,201605
chg_bal_3WOE,-0.62291971,"907,800",19,61,5.727699531,3.22E-05,Business4,201605
ACCOUNT_STATUSWOE,-0.62291971,"907,800",19,,,,Business4,201606
ACCOUNT_STATUSWOE,-0.62291971,"907,800",19,287,29.64876033,0.007096033,Business4,201606
ACCOUNT_STATUSWOE,-0.62291971,"907,800",19,681,70.35123967,0.003665911,Business4,201606
C_FICOWOE,-0.62291971,"907,800",19,47,4.855371901,0.000335183,Business4,201606
C_FICOWOE,-0.62291971,"907,800",19,512,52.89256198,0.068318734,Business4,201606
C_FICOWOE,-0.62291971,"907,800",19,40,4.132231405,0.010688725,Business4,201606
C_FICOWOE,-0.62291971,"907,800",19,369,38.11983471,0.122362903,Business4,201606
DIF_LAST_DUE_VS_PYMTWOE,-0.62291971,"907,800",19,453,46.79752066,0.009412007,Business4,201606
DIF_LAST_DUE_VS_PYMTWOE,-0.62291971,"907,800",19,515,53.20247934,0.007269936,Business4,201606
DPDWOE,-0.62291971,"907,800",19,61,6.301652893,0.007467644,Business4,201606
DPDWOE,-0.62291971,"907,800",19,53,5.475206612,0.023916885,Business4,201606
DPDWOE,-0.62291971,"907,800",19,234,24.17355372,0.035168522,Business4,201606
DPDWOE,-0.62291971,"907,800",19,308,31.81818182,0.189584375,Business4,201606
DPDWOE,-0.62291971,"907,800",19,,,,Business4,201606
DPDWOE,-0.62291971,"907,800",19,211,21.79752066,0.009318426,Business4,201606
DPDWOE,-0.62291971,"907,800",19,,,,Business4,201606
DPDWOE,-0.62291971,"907,800",19,101,10.4338843,0.017555625,Business4,201606
LAST_PYMTWOE,-0.62291971,"907,800",19,357,36.88016529,0.00739125,Business4,201606
LAST_PYMTWOE,-0.62291971,"907,800",19,447,46.17768595,0.00016077,Business4,201606
LAST_PYMTWOE,-0.62291971,"907,800",19,164,16.94214876,0.014210092,Business4,201606
MNTHS_SINCE_PYMTWOE,-0.62291971,"907,800",19,125,12.91322314,0.003660579,Business4,201606
MNTHS_SINCE_PYMTWOE,-0.62291971,"907,800",19,21,2.169421488,0.018143327,Business4,201606
MNTHS_SINCE_PYMTWOE,-0.62291971,"907,800",19,822,84.91735537,0.001491954,Business4,201606
ORIGINAL_FICO_PRIWOE,-0.62291971,"907,800",19,87,8.987603306,0.002612267,Business4,201606
ORIGINAL_FICO_PRIWOE,-0.62291971,"907,800",19,497,51.34297521,0.094803628,Business4,201606
ORIGINAL_FICO_PRIWOE,-0.62291971,"907,800",19,384,39.66942149,0.067713271,Business4,201606
PSBALWOE,-0.62291971,"907,800",19,418,43.18181818,0.004818694,Business4,201606
PSBALWOE,-0.62291971,"907,800",19,277,28.61570248,0.000092834,Business4,201606
PSBALWOE,-0.62291971,"907,800",19,273,28.20247934,0.008015951,Business4,201606
UTILIZATIONWOE,-0.62291971,"907,800",19,261,26.96280992,0.001297102,Business4,201606
UTILIZATIONWOE,-0.62291971,"907,800",19,219,22.62396694,0.003141392,Business4,201606
UTILIZATIONWOE,-0.62291971,"907,800",19,488,50.41322314,9.23E-05,Business4,201606
chg_bal_2WOE,-0.62291971,"907,800",19,661,68.28512397,0.001190103,Business4,201606
chg_bal_2WOE,-0.62291971,"907,800",19,100,10.33057851,0.001580768,Business4,201606
chg_bal_2WOE,-0.62291971,"907,800",19,133,13.73966942,0.005732503,Business4,201606
chg_bal_2WOE,-0.62291971,"907,800",19,74,7.644628099,0.003443834,Business4,201606
chg_bal_3WOE,-0.62291971,"907,800",19,859,88.73966942,2.20E-05,Business4,201606
chg_bal_3WOE,-0.62291971,"907,800",19,45,4.648760331,0.003988461,Business4,201606
chg_bal_3WOE,-0.62291971,"907,800",19,64,6.611570248,0.001704858,Business4,201606
ACCRUED_INTERESTWOE,-0.62291971,"907,800",19,294,30.21582734,0.001496186,Business5,201604
ACCRUED_INTERESTWOE,-0.62291971,"907,800",19,133,13.66906475,0.002500576,Business5,201604
ACCRUED_INTERESTWOE,-0.62291971,"907,800",19,291,29.90750257,0.002191101,Business5,201604
ACCRUED_INTERESTWOE,-0.62291971,"907,800",19,255,26.20760534,0.002377945,Business5,201604
BPSBAL01WOE,-0.62291971,"907,800",19,538,55.29290853,0.002839139,Business5,201604
BPSBAL01WOE,-0.62291971,"907,800",19,390,40.08221994,0.001070851,Business5,201604
BPSBAL01WOE,-0.62291971,"907,800",19,45,4.624871531,0.011169089,Business5,201604
DPDWOE,-0.62291971,"907,800",19,194,19.93833505,2.76E-05,Business5,201604
DPDWOE,-0.62291971,"907,800",19,180,18.49948613,9.50E-06,Business5,201604
DPDWOE,-0.62291971,"907,800",19,255,26.20760534,0.004621368,Business5,201604
DPDWOE,-0.62291971,"907,800",19,344,35.35457348,0.003239834,Business5,201604
LAST_STMT_PERC_LAST_6MWOE,-0.62291971,"907,800",19,223,22.91880781,0.002886598,Business5,201604
LAST_STMT_PERC_LAST_6MWOE,-0.62291971,"907,800",19,349,35.8684481,0.003734547,Business5,201604
LAST_STMT_PERC_LAST_6MWOE,-0.62291971,"907,800",19,145,14.90236382,0.002762204,Business5,201604
LAST_STMT_PERC_LAST_6MWOE,-0.62291971,"907,800",19,221,22.71325797,0.002527868,Business5,201604
LAST_STMT_PERC_LAST_6MWOE,-0.62291971,"907,800",19,35,3.597122302,0.003387895,Business5,201604
LAST_ST_PYMTWOE,-0.62291971,"907,800",19,735,75.53956835,0.000160436,Business5,201604
LAST_ST_PYMTWOE,-0.62291971,"907,800",19,238,24.46043166,0.000510701,Business5,201604
MNTHS_SINCE_PYMTWOE,-0.62291971,"907,800",19,266,27.3381295,0.000326681,Business5,201604
MNTHS_SINCE_PYMTWOE,-0.62291971,"907,800",19,171,17.57451182,0.001659421,Business5,201604
MNTHS_SINCE_PYMTWOE,-0.62291971,"907,800",19,272,27.95477903,0.000395214,Business5,201604
MNTHS_SINCE_PYMTWOE,-0.62291971,"907,800",19,264,27.13257965,4.49E-05,Business5,201604
REV2358WOE,-0.62291971,"907,800",19,42,4.316546763,0.003399442,Business5,201604
REV2358WOE,-0.62291971,"907,800",19,823,84.58376156,0.003269507,Business5,201604
REV2358WOE,-0.62291971,"907,800",19,105,10.79136691,0.012366808,Business5,201604
REV2358WOE,-0.62291971,"907,800",19,3,0.308324769,0.000218205,Business5,201604
ACCRUED_INTERESTWOE,-0.62291971,"907,800",19,328,30.79812207,0.002423132,Business5,201605
ACCRUED_INTERESTWOE,-0.62291971,"907,800",19,144,13.52112676,0.002918205,Business5,201605
ACCRUED_INTERESTWOE,-0.62291971,"907,800",19,303,28.45070423,0.005445042,Business5,201605
ACCRUED_INTERESTWOE,-0.62291971,"907,800",19,290,27.23004695,0.004699593,Business5,201605
BPSBAL01WOE,-0.62291971,"907,800",19,573,53.8028169,0.005396973,Business5,201605
BPSBAL01WOE,-0.62291971,"907,800",19,447,41.97183099,0.003872848,Business5,201605
BPSBAL01WOE,-0.62291971,"907,800",19,45,4.225352113,0.007489349,Business5,201605
DPDWOE,-0.62291971,"907,800",19,194,18.21596244,0.001169126,Business5,201605
DPDWOE,-0.62291971,"907,800",19,215,20.18779343,0.00124725,Business5,201605
DPDWOE,-0.62291971,"907,800",19,235,22.0657277,0.000269511,Business5,201605
DPDWOE,-0.62291971,"907,800",19,421,39.53051643,0.000128991,Business5,201605
LAST_STMT_PERC_LAST_6MWOE,-0.62291971,"907,800",19,248,23.28638498,0.003767281,Business5,201605
LAST_STMT_PERC_LAST_6MWOE,-0.62291971,"907,800",19,392,36.80751174,0.00207287,Business5,201605
LAST_STMT_PERC_LAST_6MWOE,-0.62291971,"907,800",19,133,12.48826291,0.013914731,Business5,201605
LAST_STMT_PERC_LAST_6MWOE,-0.62291971,"907,800",19,260,24.41314554,0.007280417,Business5,201605
LAST_STMT_PERC_LAST_6MWOE,-0.62291971,"907,800",19,32,3.004694836,0.000650471,Business5,201605
LAST_ST_PYMTWOE,-0.62291971,"907,800",19,830,77.9342723,0.000215253,Business5,201605
LAST_ST_PYMTWOE,-0.62291971,"907,800",19,235,22.0657277,0.000732734,Business5,201605
MNTHS_SINCE_PYMTWOE,-0.62291971,"907,800",19,303,28.45070423,8.95E-06,Business5,201605
MNTHS_SINCE_PYMTWOE,-0.62291971,"907,800",19,164,15.39906103,0.000165764,Business5,201605
MNTHS_SINCE_PYMTWOE,-0.62291971,"907,800",19,360,33.8028169,0.007310126,Business5,201605
MNTHS_SINCE_PYMTWOE,-0.62291971,"907,800",19,238,22.34741784,0.008036138,Business5,201605
REV2358WOE,-0.62291971,"907,800",19,38,3.568075117,0.009255728,Business5,201605
REV2358WOE,-0.62291971,"907,800",19,918,86.1971831,0.00557152,Business5,201605
REV2358WOE,-0.62291971,"907,800",19,106,9.953051643,0.018864778,Business5,201605
REV2358WOE,-0.62291971,"907,800",19,3,0.281690141,9.72E-05,Business5,201605
ACCRUED_INTERESTWOE,-0.62291971,"907,800",19,341,34.90276356,0.014624024,Business5,201606
ACCRUED_INTERESTWOE,-0.62291971,"907,800",19,131,13.40839304,0.003259811,Business5,201606
ACCRUED_INTERESTWOE,-0.62291971,"907,800",19,270,27.63561924,0.007955499,Business5,201606
ACCRUED_INTERESTWOE,-0.62291971,"907,800",19,235,24.05322416,3.33E-05,Business5,201606
BPSBAL01WOE,-0.62291971,"907,800",19,569,58.2395087,0.00020075,Business5,201606
BPSBAL01WOE,-0.62291971,"907,800",19,369,37.76867963,1.90E-05,Business5,201606
BPSBAL01WOE,-0.62291971,"907,800",19,39,3.991811668,0.005617866,Business5,201606
DPDWOE,-0.62291971,"907,800",19,209,21.39201638,0.001386757,Business5,201606
DPDWOE,-0.62291971,"907,800",19,174,17.80962129,0.000371486,Business5,201606
DPDWOE,-0.62291971,"907,800",19,243,24.87205732,0.001725654,Business5,201606
DPDWOE,-0.62291971,"907,800",19,351,35.92630502,0.002241117,Business5,201606
LAST_STMT_PERC_LAST_6MWOE,-0.62291971,"907,800",19,235,24.05322416,0.005952285,Business5,201606
LAST_STMT_PERC_LAST_6MWOE,-0.62291971,"907,800",19,368,37.66632549,0.00098929,Business5,201606
LAST_STMT_PERC_LAST_6MWOE,-0.62291971,"907,800",19,141,14.43193449,0.004205415,Business5,201606
LAST_STMT_PERC_LAST_6MWOE,-0.62291971,"907,800",19,206,21.08495394,0.000239336,Business5,201606
LAST_STMT_PERC_LAST_6MWOE,-0.62291971,"907,800",19,27,2.763561924,0.000127619,Business5,201606
LAST_ST_PYMTWOE,-0.62291971,"907,800",19,760,77.78915046,0.000169699,Business5,201606
LAST_ST_PYMTWOE,-0.62291971,"907,800",19,217,22.21084954,0.000575254,Business5,201606
MNTHS_SINCE_PYMTWOE,-0.62291971,"907,800",19,289,29.580348,0.000574332,Business5,201606
MNTHS_SINCE_PYMTWOE,-0.62291971,"907,800",19,160,16.37666326,0.000135825,Business5,201606
MNTHS_SINCE_PYMTWOE,-0.62291971,"907,800",19,278,28.45445241,0.000109642,Business5,201606
MNTHS_SINCE_PYMTWOE,-0.62291971,"907,800",19,250,25.58853634,0.000546309,Business5,201606
REV2358WOE,-0.62291971,"907,800",19,33,3.377686796,0.011343061,Business5,201606
REV2358WOE,-0.62291971,"907,800",19,839,85.87512794,0.005065147,Business5,201606
REV2358WOE,-0.62291971,"907,800",19,99,10.13306039,0.017329336,Business5,201606
REV2358WOE,-0.62291971,"907,800",19,6,0.614124872,0.003724638,Business5,201606
DPDWOE,-0.62291971,"907,800",19,17,1.130319149,0.004226349,Business5b,201604
DPDWOE,-0.62291971,"907,800",19,28,1.861702128,0.004029558,Business5b,201604
DPDWOE,-0.62291971,"907,800",19,32,2.127659575,0.007777967,Business5b,201604
DPDWOE,-0.62291971,"907,800",19,21,1.396276596,0.000538554,Business5b,201604
DPDWOE,-0.62291971,"907,800",19,51,3.390957447,0.010096487,Business5b,201604
DPDWOE,-0.62291971,"907,800",19,97,6.449468085,0.009689706,Business5b,201604
DPDWOE,-0.62291971,"907,800",19,76,5.053191489,0.003563853,Business5b,201604
DPDWOE,-0.62291971,"907,800",19,1182,78.59042553,0.007366525,Business5b,201604
FICOWOE,-0.62291971,"907,800",19,25,1.662234043,0.001784398,Business5b,201604
FICOWOE,-0.62291971,"907,800",19,67,4.454787234,0.003346072,Business5b,201604
FICOWOE,-0.62291971,"907,800",19,998,66.35638298,0.001839092,Business5b,201604
FICOWOE,-0.62291971,"907,800",19,100,6.64893617,0.005318769,Business5b,201604
FICOWOE,-0.62291971,"907,800",19,144,9.574468085,0.004835529,Business5b,201604
FICOWOE,-0.62291971,"907,800",19,78,5.186170213,3.04E-07,Business5b,201604
FICOWOE,-0.62291971,"907,800",19,92,6.117021277,0.004936047,Business5b,201604
UTILIZATIONWOE,-0.62291971,"907,800",19,28,1.861702128,6.72E-06,Business5b,201604
UTILIZATIONWOE,-0.62291971,"907,800",19,30,1.994680851,0.000459664,Business5b,201604
UTILIZATIONWOE,-0.62291971,"907,800",19,73,4.853723404,0.001699512,Business5b,201604
UTILIZATIONWOE,-0.62291971,"907,800",19,63,4.188829787,1.36E-06,Business5b,201604
UTILIZATIONWOE,-0.62291971,"907,800",19,445,29.58776596,0.002152185,Business5b,201604
UTILIZATIONWOE,-0.62291971,"907,800",19,570,37.89893617,0.023956655,Business5b,201604
UTILIZATIONWOE,-0.62291971,"907,800",19,295,19.6143617,0.023947147,Business5b,201604
DPDWOE,-0.62291971,"907,800",19,16,1.043705153,0.003202697,Business5b,201605
DPDWOE,-0.62291971,"907,800",19,30,1.956947162,0.004960708,Business5b,201605
DPDWOE,-0.62291971,"907,800",19,35,2.283105023,0.00976627,Business5b,201605
DPDWOE,-0.62291971,"907,800",19,27,1.761252446,0.002745471,Business5b,201605
DPDWOE,-0.62291971,"907,800",19,41,2.674494455,0.003474714,Business5b,201605
DPDWOE,-0.62291971,"907,800",19,102,6.653620352,0.011333398,Business5b,201605
DPDWOE,-0.62291971,"907,800",19,75,4.892367906,0.002753134,Business5b,201605
DPDWOE,-0.62291971,"907,800",19,1207,78.7345075,0.007090227,Business5b,201605
FICOWOE,-0.62291971,"907,800",19,24,1.56555773,0.001197652,Business5b,201605
FICOWOE,-0.62291971,"907,800",19,70,4.566210046,0.00398242,Business5b,201605
FICOWOE,-0.62291971,"907,800",19,1012,66.01435095,0.002217398,Business5b,201605
FICOWOE,-0.62291971,"907,800",19,104,6.784083496,0.006108993,Business5b,201605
FICOWOE,-0.62291971,"907,800",19,145,9.458577952,0.004326371,Business5b,201605
FICOWOE,-0.62291971,"907,800",19,77,5.02283105,6.05E-05,Business5b,201605
FICOWOE,-0.62291971,"907,800",19,101,6.58838878,0.002654335,Business5b,201605
UTILIZATIONWOE,-0.62291971,"907,800",19,21,1.369863014,0.001717668,Business5b,201605
UTILIZATIONWOE,-0.62291971,"907,800",19,42,2.739726027,0.00492447,Business5b,201605
UTILIZATIONWOE,-0.62291971,"907,800",19,74,4.827136334,0.001601226,Business5b,201605
UTILIZATIONWOE,-0.62291971,"907,800",19,77,5.02283105,0.001424904,Business5b,201605
UTILIZATIONWOE,-0.62291971,"907,800",19,459,29.94129159,0.001592843,Business5b,201605
UTILIZATIONWOE,-0.62291971,"907,800",19,566,36.9210698,0.019254362,Business5b,201605
UTILIZATIONWOE,-0.62291971,"907,800",19,294,19.17808219,0.027123217,Business5b,201605
DPDWOE,-0.62291971,"907,800",19,14,0.91503268,0.001888654,Business5b,201606
DPDWOE,-0.62291971,"907,800",19,33,2.156862745,0.007145318,Business5b,201606
DPDWOE,-0.62291971,"907,800",19,26,1.699346405,0.00323274,Business5b,201606
DPDWOE,-0.62291971,"907,800",19,23,1.503267974,0.001031058,Business5b,201606
DPDWOE,-0.62291971,"907,800",19,45,2.941176471,0.005618676,Business5b,201606
DPDWOE,-0.62291971,"907,800",19,102,6.666666667,0.011441958,Business5b,201606
DPDWOE,-0.62291971,"907,800",19,73,4.77124183,0.002204329,Business5b,201606
DPDWOE,-0.62291971,"907,800",19,1214,79.34640523,0.005978247,Business5b,201606
FICOWOE,-0.62291971,"907,800",19,26,1.699346405,0.002035472,Business5b,201606
FICOWOE,-0.62291971,"907,800",19,64,4.183006536,0.00200155,Business5b,201606
FICOWOE,-0.62291971,"907,800",19,993,64.90196078,0.003701554,Business5b,201606
FICOWOE,-0.62291971,"907,800",19,102,6.666666667,0.00541975,Business5b,201606
FICOWOE,-0.62291971,"907,800",19,145,9.477124183,0.004406149,Business5b,201606
FICOWOE,-0.62291971,"907,800",19,96,6.274509804,0.002023317,Business5b,201606
FICOWOE,-0.62291971,"907,800",19,104,6.797385621,0.001886461,Business5b,201606
UTILIZATIONWOE,-0.62291971,"907,800",19,27,1.764705882,9.60E-05,Business5b,201606
UTILIZATIONWOE,-0.62291971,"907,800",19,40,2.614379085,0.003902211,Business5b,201606
UTILIZATIONWOE,-0.62291971,"907,800",19,78,5.098039216,0.00272429,Business5b,201606
UTILIZATIONWOE,-0.62291971,"907,800",19,71,4.640522876,0.000413785,Business5b,201606
UTILIZATIONWOE,-0.62291971,"907,800",19,459,30,0.001508381,Business5b,201606
UTILIZATIONWOE,-0.62291971,"907,800",19,563,36.79738562,0.01869217,Business5b,201606
UTILIZATIONWOE,-0.62291971,"907,800",19,292,19.08496732,0.02783178,Business5b,201606
